"FoG_taxon_uid","lower","upper"
"1",900,1800
"10",300,1200
"1000",0,600
"1001",0,300
"1002",1800,2400
"1006",900,2400
"1007",900,1200
"1008",600,900
"1009",300,900
"101",0,600
"1010",0,2400
"1011",0,1800
"1012",0,300
"1015",-9000,-8700
"1016",0,300
"1017",0,1500
"1018",0,1200
"1019",600,900
"102",0,1500
"1020",0,1200
"1021",-9000,-8700
"1024",300,600
"1025",0,300
"1026",0,300
"1027",0,1200
"1028",1200,1800
"1029",0,600
"103",0,900
"1030",0,1200
"1031",0,1500
"1032",0,600
"1033",0,1500
"1034",0,300
"1035",0,300
"1036",0,300
"1037",0,1200
"1038",0,300
"1039",0,1500
"104",0,300
"1040",0,300
"1041",600,2400
"1043",900,2400
"1045",0,300
"1046",0,300
"1047",1500,2100
"1049",0,300
"105",0,1500
"1050",0,1800
"1051",0,600
"1052",0,1200
"1053",0,300
"1054",0,300
"1055",1500,1800
"1056",300,1800
"1057",0,300
"1058",0,300
"1059",0,1200
"106",0,900
"1060",1200,2400
"1061",-9000,-8700
"1062",1500,1800
"1063",300,2100
"1064",0,1500
"1066",1200,2400
"1068",0,1500
"1069",0,300
"107",0,1500
"1070",0,2400
"1072",0,2400
"1073",0,1500
"1075",0,2100
"1076",-9000,-8700
"1077",0,600
"1078",0,1500
"1079",0,600
"108",0,300
"1080",0,900
"1081",-9000,-8700
"1082",0,300
"1083",0,600
"1084",2100,2400
"1085",0,900
"1086",0,300
"1087",0,300
"1088",0,300
"1089",0,2100
"1090",0,1800
"1091",0,1800
"1092",0,2100
"1093",300,2100
"1094",0,1200
"1095",0,900
"1096",0,300
"1097",0,300
"1098",0,1800
"1099",0,1800
"11",0,300
"110",0,1500
"1100",0,300
"1101",-9000,-8700
"1102",0,300
"1103",0,1200
"1104",600,1200
"1105",0,1200
"1107",300,900
"1108",0,1200
"1109",0,2100
"111",0,300
"1110",0,1800
"1111",0,2400
"1113",0,300
"1114",0,1500
"1115",-9000,-8700
"1117",0,2400
"1118",-9000,-8700
"1119",0,1800
"112",0,600
"1120",0,1500
"1121",0,300
"1122",0,300
"1123",0,1800
"1124",0,2100
"1126",0,1200
"1127",0,2400
"1128",0,900
"113",0,600
"1130",0,1500
"1131",0,1200
"1132",0,2400
"1133",0,2100
"1134",0,2400
"1135",1200,2100
"1136",0,300
"1137",600,2400
"1138",0,300
"114",1200,2100
"1140",0,300
"1141",600,1800
"1142",300,1200
"1143",0,1800
"1147",0,300
"1148",900,1200
"1149",0,2100
"115",0,1500
"1150",1800,2100
"1151",0,2400
"1152",0,1200
"1153",0,1800
"1154",0,1500
"1156",0,2400
"1157",300,1500
"1158",0,300
"1159",0,1200
"116",0,1500
"1162",0,1800
"1163",0,1500
"1165",-9000,-8700
"1166",0,300
"1167",600,1500
"1169",0,900
"117",0,300
"1170",600,1200
"1172",0,1200
"1173",0,1500
"1174",300,1800
"1175",900,2400
"1176",900,2400
"1177",0,300
"1178",0,1200
"118",0,300
"1180",0,2100
"1181",0,300
"1182",900,1800
"1183",300,1200
"1184",0,300
"1185",0,600
"1186",300,600
"1187",0,1200
"1188",300,600
"1189",0,300
"1190",0,600
"1191",0,300
"1192",0,1800
"1193",900,1500
"1194",0,600
"1195",0,2100
"1196",0,900
"1197",0,300
"1198",0,2100
"1199",0,1500
"12",0,1500
"1200",0,1800
"1201",1200,2100
"1203",0,2100
"1204",0,300
"1205",0,1500
"1206",300,2100
"1207",900,1200
"1208",0,1800
"1210",300,600
"1211",0,1500
"1212",300,900
"1214",0,900
"1215",0,1200
"1216",0,1500
"1217",900,1200
"1218",0,300
"1219",-9000,-8700
"122",0,1800
"1220",0,300
"1221",1800,2100
"1222",300,600
"1224",0,300
"1227",0,300
"1229",600,2400
"123",0,1200
"1230",0,1200
"1231",0,1500
"1232",0,300
"1234",1800,2700
"1235",1200,2400
"1236",-9000,-8700
"1237",0,600
"1238",300,600
"1239",0,300
"124",0,300
"1240",300,1800
"1241",300,1200
"1242",-9000,-8700
"1244",0,900
"1245",0,300
"1246",-9000,-8700
"1247",0,300
"1248",1200,1500
"1249",300,1500
"125",0,600
"1250",0,2400
"1251",1800,2700
"1252",300,1800
"1253",0,300
"1254",0,300
"1255",0,300
"1257",0,600
"1259",0,900
"126",0,300
"1260",0,900
"1261",0,600
"1262",600,1800
"1263",300,1800
"1265",-9000,-8700
"1266",600,900
"1267",600,2700
"1268",-9000,-8700
"1269",0,600
"127",2100,2400
"1270",600,2700
"1272",1200,1500
"1273",0,1200
"1274",1500,2100
"1277",0,900
"1278",0,1500
"1279",0,1800
"128",-9000,-8700
"1280",0,1500
"1281",0,600
"1282",0,1200
"1283",0,1800
"1284",300,600
"1285",1200,1800
"1286",1200,2700
"1287",900,2400
"1288",1200,1500
"129",1800,2100
"1290",0,1500
"1291",1200,1500
"1292",300,1800
"1293",-9000,-8700
"1294",0,300
"1295",0,2100
"1296",0,1200
"1297",0,1500
"1298",1500,2400
"1299",0,2400
"13",0,1800
"1300",300,1200
"1301",0,2100
"1303",-9000,-8700
"1304",0,600
"1306",0,2100
"1307",0,1800
"1308",600,2400
"1309",0,600
"131",0,2400
"1312",0,300
"1313",0,300
"1314",0,300
"1315",-9000,-8700
"1316",0,600
"1317",0,900
"1318",0,1500
"1319",300,2400
"132",0,300
"1320",0,2400
"1321",0,2100
"1322",0,1500
"1323",0,2400
"1324",0,2400
"1325",600,1500
"1329",300,2100
"133",0,2100
"1330",0,2100
"1331",600,900
"1332",0,900
"1333",600,2400
"1334",0,2400
"1336",0,300
"1338",0,300
"134",0,2100
"1343",0,2100
"1344",-9000,-8700
"1345",900,2400
"1346",900,1800
"1347",1200,2100
"1348",600,2100
"1349",900,1200
"135",0,600
"1350",0,2100
"1352",900,2700
"1353",300,2700
"1354",0,2400
"1355",0,2400
"1356",0,1800
"1357",600,900
"1359",600,900
"136",0,300
"1360",600,2100
"1361",0,300
"1362",0,300
"1363",0,1200
"1364",0,600
"1365",0,600
"1366",0,2100
"1368",0,300
"1369",1200,1800
"137",0,1800
"1370",300,1800
"1371",0,2100
"1372",0,1500
"1373",0,2100
"1374",0,2100
"1375",1500,2100
"1376",0,1500
"1377",0,2400
"1378",-9000,-8700
"1379",0,300
"138",0,1800
"1381",0,300
"1382",600,900
"1385",1800,2400
"1386",1200,1500
"1387",0,2400
"1388",900,2100
"1389",0,300
"139",300,1200
"1390",0,600
"1391",900,2100
"1392",600,900
"1393",0,1500
"1394",300,2100
"1395",0,1500
"1396",0,1800
"1397",0,1800
"1398",0,1800
"1399",600,2100
"14",300,2100
"140",0,300
"1400",0,900
"1401",0,300
"1402",1500,1800
"1403",0,2100
"1404",0,1500
"1405",0,1800
"1406",1500,1800
"1407",0,2700
"1408",0,2400
"1409",0,600
"141",0,300
"1410",1200,1500
"1412",-9000,-8700
"1413",300,1500
"1414",0,1500
"1415",300,2400
"1417",-9000,-8700
"1419",1500,1800
"142",0,1800
"1420",0,1800
"1421",0,2400
"1422",1500,1800
"1423",0,1800
"1424",900,2400
"1425",0,1800
"1426",600,2100
"1427",0,2400
"1429",0,2100
"143",0,1200
"1430",1200,1500
"1431",300,2100
"1432",0,1800
"1433",900,1800
"1434",0,300
"1435",0,300
"1436",0,1800
"1437",0,300
"1438",1200,1500
"144",-9000,-8700
"1440",0,1800
"1442",0,600
"1443",1500,1800
"1444",900,1200
"1445",300,2400
"1446",600,2100
"1448",-9000,-8700
"1449",600,1800
"145",300,600
"1450",0,300
"1452",300,2700
"1453",0,1500
"1454",0,2100
"1455",600,1800
"1456",0,1800
"1457",300,600
"1458",1200,2100
"1459",0,600
"146",300,1500
"1460",0,600
"1461",-9000,-8700
"1462",0,1500
"1463",0,1800
"1464",300,600
"1465",-9000,-8700
"1467",0,300
"1468",900,1200
"1469",0,1500
"147",300,2400
"1470",0,2100
"1471",0,600
"1472",-9000,-8700
"1473",0,300
"1474",0,900
"1475",0,300
"1476",0,300
"1477",0,900
"1478",0,1500
"1479",0,1200
"148",300,2400
"1480",0,1200
"1481",0,900
"1482",-9000,-8700
"1483",0,300
"1484",-9000,-8700
"1485",-9000,-8700
"1486",900,2100
"1487",600,1200
"1489",1200,2400
"1490",600,2400
"1491",600,2400
"1492",1200,2100
"1493",0,1500
"1495",0,300
"1496",0,1500
"1499",0,300
"15",1500,2100
"150",2100,2700
"1500",0,1800
"1501",0,1200
"1502",0,1200
"1504",-9000,-8700
"1506",0,300
"1507",-9000,-8700
"1508",-9000,-8700
"1509",0,300
"151",0,2400
"1510",0,300
"1512",0,1200
"1513",0,1200
"1514",0,300
"1515",0,1200
"1516",0,300
"1517",0,300
"1518",0,1800
"1519",0,2400
"1520",600,2100
"1521",300,1800
"1522",300,1500
"1523",300,900
"1524",0,600
"1525",600,2100
"1527",900,1800
"1528",0,600
"1529",1200,1500
"153",1200,1500
"1531",900,1800
"1532",1200,1800
"1534",600,1500
"1535",-9000,-8700
"1536",900,1500
"1537",900,1200
"1538",0,2100
"1539",0,2400
"154",0,1200
"1541",0,1200
"1543",0,300
"1544",0,1200
"1545",0,1200
"1546",1200,1500
"1547",1500,1800
"1548",300,1200
"1549",300,1200
"155",-9000,-8700
"1550",600,1500
"1551",0,1200
"1552",0,1200
"1553",0,600
"1554",0,2100
"1555",0,300
"1556",600,900
"1557",1200,2400
"1559",0,1200
"1562",0,900
"1563",900,2700
"1565",-9000,-8700
"1566",300,1200
"1567",-9000,-8700
"1568",600,900
"1570",300,1200
"1571",0,300
"1572",0,1800
"1573",0,1500
"1574",0,900
"1575",600,2400
"1577",0,300
"158",0,300
"1580",300,900
"1581",0,1500
"1583",300,600
"1584",0,2100
"1585",300,600
"1586",900,1200
"1587",300,1800
"1588",600,900
"159",0,1500
"1590",0,600
"1591",0,300
"1593",1800,2100
"1594",1200,1500
"1595",300,600
"1596",0,1200
"1598",0,300
"16",0,1200
"160",0,1200
"1600",-9000,-8700
"1602",600,900
"1603",1200,1800
"1604",-9000,-8700
"1606",900,1200
"1607",1500,1800
"1608",-9000,-8700
"1609",600,2400
"1610",0,300
"1612",0,300
"1613",1800,2100
"1615",900,2400
"1616",600,1200
"1617",-9000,-8700
"1618",0,1800
"1619",-9000,-8700
"1621",300,1800
"1622",300,2400
"1623",300,600
"1624",600,2400
"1625",0,300
"1626",300,600
"1627",900,2100
"1628",900,2100
"1629",900,1500
"163",-9000,-8700
"1630",300,1200
"1631",-9000,-8700
"1632",0,300
"1633",0,1500
"1634",0,2100
"1635",0,2100
"1636",0,300
"1637",0,300
"1638",0,300
"1639",0,300
"1641",0,300
"1642",0,1800
"1643",0,600
"1644",300,600
"1645",0,1500
"1646",600,900
"1647",0,1500
"1648",0,300
"1649",600,1500
"1650",0,1200
"1651",0,2100
"1652",300,1800
"1653",0,1200
"1654",-9000,-8700
"1655",-9000,-8700
"1656",-9000,-8700
"1657",0,900
"166",0,1200
"1660",600,900
"1662",-9000,-8700
"1663",600,1200
"1664",600,900
"1665",0,300
"1666",0,1200
"1667",300,1500
"1668",0,1200
"167",0,2100
"1671",1500,1800
"1672",1800,2400
"1674",900,1500
"1675",0,1800
"1683",0,600
"1684",0,300
"1685",0,1200
"1686",0,1200
"1687",0,900
"1688",0,1500
"1689",0,900
"169",0,1800
"1690",600,1500
"1691",0,300
"1692",0,1500
"1693",0,2100
"1695",600,1500
"1696",0,2400
"1697",0,300
"1698",0,2100
"1699",0,2100
"17",300,1200
"170",0,600
"1701",1500,1800
"1702",0,2100
"1704",300,2100
"1705",600,1500
"1708",0,300
"1709",900,1800
"171",0,2100
"1711",900,2100
"1712",0,1500
"1713",0,2100
"1714",0,2100
"1715",600,2400
"1716",0,1800
"1717",0,1800
"1718",0,1200
"172",0,2400
"1720",0,1800
"1721",0,2400
"1722",0,900
"1723",600,900
"1724",600,2400
"1725",1800,2100
"1726",0,2100
"1727",300,2400
"1728",300,1200
"1729",900,1200
"1730",600,900
"1731",0,900
"1733",0,1200
"1735",0,2100
"1736",0,1200
"1737",0,1800
"1738",0,1500
"1739",600,1200
"174",1200,1500
"1740",300,600
"1741",0,300
"1742",0,1500
"1743",0,1800
"1744",600,2100
"1746",1200,1500
"1747",0,1800
"1749",900,1200
"175",0,2100
"1750",0,600
"1752",2700,3000
"1753",600,1800
"1754",0,300
"1755",0,900
"1756",0,300
"1757",0,300
"1758",0,1200
"1759",0,900
"176",0,300
"1763",0,1200
"1764",-9000,-8700
"1767",0,2100
"1768",0,1500
"177",0,1500
"1770",0,300
"1771",300,2100
"1772",300,2100
"1773",0,300
"1774",900,1200
"1775",900,1200
"1776",300,600
"1777",0,1800
"1779",300,600
"178",0,300
"1780",300,1800
"1781",300,1200
"1782",300,1500
"1783",0,300
"1784",0,2100
"1785",0,2400
"1786",0,1200
"1787",0,2100
"1789",0,1500
"179",0,900
"1790",0,1200
"1791",600,900
"1792",0,2100
"1793",0,1500
"1794",0,300
"1795",0,300
"1796",0,600
"1797",0,600
"1798",-9000,-8700
"1799",0,2100
"18",300,600
"180",0,1200
"1800",0,300
"1801",0,1500
"1802",0,900
"1803",900,2100
"1804",1800,2100
"1805",0,600
"1806",0,900
"1807",0,1800
"1808",900,2100
"1809",0,300
"1810",300,600
"1811",300,1500
"1812",1500,1800
"1813",300,600
"1814",0,1200
"1815",0,1800
"1816",0,900
"1817",300,600
"1818",0,900
"1819",0,1500
"182",0,1200
"1820",600,2400
"1821",0,1800
"1822",300,2100
"1823",0,2400
"1824",0,900
"1825",1500,1800
"1826",300,2100
"1827",300,2100
"1828",600,1800
"1829",0,2100
"183",0,1200
"1830",0,2100
"1832",600,1800
"1833",1200,1800
"1834",-9000,-8700
"1835",300,600
"1836",600,1800
"1837",0,1800
"1839",-9000,-8700
"184",1500,1800
"1840",0,1500
"1841",0,900
"1842",0,600
"1843",0,300
"1844",0,600
"1845",0,900
"1846",0,1500
"1847",900,1500
"185",1800,2400
"1850",0,300
"1851",0,300
"1852",0,900
"1853",1800,2100
"1854",0,1200
"1855",0,1800
"1856",0,1200
"1857",0,300
"1859",0,1800
"186",900,1500
"1860",1500,1800
"1861",0,1800
"1862",0,2100
"1863",0,2100
"1864",0,2100
"1865",0,1500
"1866",0,300
"1867",900,1200
"1868",-9000,-8700
"1869",900,1200
"187",1800,2100
"1870",0,300
"1871",0,2400
"1872",0,1200
"1874",0,2100
"1875",600,1800
"1877",300,600
"1878",-9000,-8700
"1879",0,300
"1881",600,2100
"1882",0,900
"1883",-9000,-8700
"1884",0,300
"1885",300,1200
"1886",900,1200
"1887",300,2100
"1888",0,600
"1889",300,600
"189",1500,1800
"1890",300,600
"1891",0,900
"1892",0,600
"1893",1500,2400
"1894",0,1200
"1895",1500,1800
"1896",0,1500
"1898",0,300
"19",600,2100
"190",1200,2400
"1901",900,2400
"1903",300,600
"1904",0,1200
"1905",0,300
"1907",0,2100
"1909",0,300
"191",1500,1800
"1910",300,600
"1911",300,600
"1912",0,1800
"1914",300,1200
"1915",0,1200
"1916",600,900
"1917",0,1800
"1918",0,300
"1919",300,900
"1920",600,900
"1921",0,300
"1922",0,300
"1923",0,300
"1924",0,1500
"1925",0,2100
"1927",300,900
"1928",600,1200
"1929",300,1800
"193",1500,1800
"1930",0,1500
"1931",300,600
"1933",0,600
"1934",300,1800
"1935",300,1500
"1936",300,1200
"1937",0,2100
"194",1500,2100
"1940",0,2100
"1941",300,600
"1942",1500,1800
"1943",0,600
"1944",0,1500
"1945",0,1200
"1948",300,600
"1949",0,900
"195",900,1800
"1951",900,2100
"1952",0,300
"1953",0,300
"1954",0,300
"1955",-9000,-8700
"1956",600,900
"1957",0,1500
"1958",0,1500
"1959",0,1200
"1960",900,1200
"1962",-9000,-8700
"1963",0,2400
"1964",0,300
"1965",0,900
"1966",0,2100
"1968",-9000,-8700
"1969",900,2100
"197",1500,2100
"1970",2100,2700
"1971",1500,2400
"1972",1800,2100
"1973",0,1800
"1974",300,1200
"1975",-9000,-8700
"1976",600,2100
"1977",600,2700
"1978",-9000,-8700
"198",1200,2100
"1980",900,2100
"1981",0,1800
"1982",300,2100
"1984",0,300
"1985",0,600
"1986",0,1200
"1987",0,2100
"1988",1200,2400
"1989",900,1500
"1990",600,1800
"1991",600,2100
"1992",0,300
"1993",0,900
"1994",0,900
"1995",0,900
"1996",-9000,-8700
"1997",0,1200
"1998",0,1800
"1999",0,2400
"2",300,2400
"20",0,1800
"200",900,1200
"2000",300,2100
"2001",0,1800
"2003",-9000,-8700
"2004",900,2100
"2005",900,1200
"2006",2100,2700
"2007",900,2100
"2008",1200,2400
"2009",1800,2100
"201",1200,1500
"2010",300,600
"2011",1200,2100
"2012",1500,1800
"2014",0,1500
"2015",1500,1800
"2016",0,2400
"202",1200,1500
"2020",0,1800
"2021",300,1800
"2022",900,2100
"2023",1200,2400
"2024",1500,2100
"2025",600,2100
"2026",1200,1800
"2027",0,300
"2028",0,900
"2029",0,1200
"203",-9000,-8700
"2030",0,900
"2031",0,1500
"2032",0,1800
"2033",0,1800
"2035",0,600
"2036",0,1200
"2037",0,900
"2038",0,1800
"2039",0,2400
"204",1800,2400
"2040",0,1500
"2041",1200,2100
"2042",600,900
"2043",0,300
"2044",0,1200
"2046",0,300
"2047",-9000,-8700
"2048",900,2400
"2049",1500,2100
"205",1200,2100
"2050",0,1200
"2051",0,300
"2052",0,300
"2053",0,300
"2054",900,1200
"2056",600,900
"2057",0,1800
"2058",300,1200
"2059",0,900
"206",900,1200
"2060",0,1500
"2061",0,1500
"2062",0,2100
"2063",0,300
"2064",0,2400
"2065",1500,2700
"2066",0,600
"2067",600,900
"2068",-9000,-8700
"2070",0,300
"2071",0,2400
"2072",0,1500
"2073",0,900
"2075",0,1800
"2076",900,1200
"2077",600,1800
"2078",600,1500
"208",1200,2100
"2080",0,900
"2081",1800,2400
"2082",300,1200
"2083",600,1500
"2084",1200,2100
"2085",600,1500
"2086",1200,1500
"2087",0,1500
"2089",600,2700
"209",600,900
"2090",0,2400
"2091",0,300
"2092",0,1800
"2093",0,1500
"2094",0,1500
"2095",-9000,-8700
"2096",0,300
"2097",0,2400
"2098",0,2100
"2099",1200,1500
"21",0,600
"210",0,600
"2100",900,1200
"2101",0,1200
"2102",300,2100
"2103",0,2400
"2104",0,2100
"2105",0,300
"2107",0,600
"2108",0,300
"211",300,600
"2110",0,1500
"2111",0,1800
"2113",-9000,-8700
"2115",600,1200
"2116",0,900
"2117",0,1500
"2118",0,2100
"2119",0,2400
"212",0,600
"2120",300,1500
"2121",600,1200
"2122",0,900
"2124",0,300
"2125",0,600
"2126",-9000,-8700
"2127",0,300
"2128",0,300
"2129",-9000,-8700
"213",0,900
"2130",900,1200
"2131",0,300
"2132",900,1200
"2134",-9000,-8700
"2135",0,1500
"2136",0,1800
"2137",-9000,-8700
"2138",0,300
"2139",-9000,-8700
"214",300,1200
"2140",0,1800
"2141",0,600
"2142",0,1200
"2143",0,1800
"2144",0,1200
"2145",0,900
"2146",-9000,-8700
"2147",0,900
"215",0,1800
"2159",0,300
"216",0,1800
"2160",0,900
"2161",0,600
"2163",0,900
"2164",0,300
"2166",0,2100
"2169",0,1500
"217",0,2100
"2170",0,2100
"2171",0,1800
"2172",300,2100
"2173",0,300
"2174",0,2100
"2175",1800,2100
"2176",600,1800
"2177",0,900
"2178",600,2700
"2179",0,2100
"218",300,1500
"2180",0,2400
"2181",0,1800
"2182",0,300
"2183",0,300
"2184",0,300
"2185",0,300
"2187",0,300
"2188",0,900
"2189",0,300
"219",0,900
"2190",0,300
"2192",0,300
"2196",0,300
"2197",-9000,-8700
"2198",0,300
"22",300,1800
"220",0,300
"2200",0,900
"2201",0,300
"2204",0,2400
"2205",0,900
"2206",0,1200
"2207",0,900
"2209",300,1800
"221",0,1200
"2210",300,600
"2212",300,1500
"2213",300,2100
"2214",0,300
"2215",0,300
"2216",0,1200
"2217",0,2100
"2218",0,2400
"2219",0,300
"222",900,2100
"2220",0,2400
"2222",-9000,-8700
"2223",1200,1800
"2224",-9000,-8700
"2225",900,2700
"2226",1200,2100
"2227",600,900
"2228",300,600
"2229",900,1500
"223",0,900
"2230",-9000,-8700
"2232",0,1500
"2233",0,2100
"2234",600,2400
"2235",0,300
"2237",0,600
"2238",0,1500
"2239",900,2100
"224",-9000,-8700
"2240",900,1200
"2241",0,900
"2242",0,1200
"2243",0,900
"2244",600,900
"2245",300,1800
"2246",900,2100
"2247",0,2700
"2248",300,1500
"2249",1200,2100
"225",0,2100
"2250",0,2100
"2251",0,1200
"2253",0,1200
"2255",0,600
"2257",0,600
"226",0,600
"2261",0,300
"2262",0,1200
"2263",0,900
"2264",0,1500
"2265",0,1500
"2266",0,2700
"2267",0,900
"2268",0,1800
"2269",0,900
"227",300,1800
"2270",0,2400
"2272",0,1200
"2273",0,300
"2274",1200,1500
"2276",300,1500
"2278",300,2100
"2279",600,1500
"228",0,300
"2283",0,1200
"2284",0,300
"2285",0,2400
"2286",600,2700
"2287",1800,2100
"2288",1200,1500
"229",0,900
"2290",0,1800
"2291",0,900
"2292",0,1500
"2294",-9000,-8700
"2295",300,600
"2296",0,300
"2299",0,300
"23",0,2100
"230",0,300
"2300",0,300
"2302",0,1200
"2303",0,300
"2304",0,1800
"2305",600,1800
"2306",0,300
"2307",300,2100
"2308",0,1200
"2309",600,2100
"231",0,300
"2310",300,1800
"2311",-9000,-8700
"2312",300,2400
"2313",-9000,-8700
"2314",1500,2400
"2315",300,1500
"2316",0,1800
"2317",0,2100
"2318",0,300
"232",0,1200
"2320",1800,2100
"2321",1200,2400
"2322",300,600
"2323",600,900
"2325",-9000,-8700
"2327",900,1800
"2329",-9000,-8700
"2331",300,900
"2332",0,300
"2333",0,1200
"2334",-9000,-8700
"2335",1800,2400
"2336",1800,2400
"2337",1500,2100
"2339",0,1500
"234",0,900
"2340",0,900
"2341",1500,1800
"2342",300,2400
"2343",300,1500
"2344",300,1800
"2345",0,900
"2346",0,2400
"2347",0,300
"2348",0,300
"2349",900,1500
"235",300,1200
"2350",1500,2100
"2351",300,900
"2353",1500,2700
"2356",-9000,-8700
"2357",300,600
"2358",1200,1500
"2359",300,2100
"236",0,1500
"2360",0,300
"2361",0,300
"2362",0,1200
"2363",1200,2400
"2364",0,2100
"2365",0,600
"2366",0,1500
"2367",0,300
"2368",600,900
"2369",300,600
"237",0,2400
"2370",2100,2700
"2371",300,600
"2372",1200,2400
"2373",600,1800
"2374",1800,2400
"2375",0,1500
"2376",0,1500
"2377",0,300
"2378",0,300
"2379",600,2100
"2380",300,1800
"2381",0,1800
"2382",0,2100
"2384",0,600
"2385",0,2400
"2386",0,1800
"2387",0,2100
"2388",0,300
"2389",0,300
"2390",0,1500
"2391",0,1500
"2392",-9000,-8700
"2394",0,300
"2395",0,300
"2396",0,900
"2397",0,300
"2398",0,1200
"2399",0,600
"24",0,2100
"240",0,2100
"2400",0,1200
"2402",1200,2400
"2403",0,2100
"2404",600,2700
"2406",0,1200
"2408",0,2100
"241",0,2100
"2411",600,1500
"2412",1200,2400
"2413",900,2100
"2415",300,1500
"2416",900,2400
"2417",1500,1800
"2418",300,2700
"2419",0,300
"2420",0,1800
"2422",600,2400
"2423",0,1800
"2424",600,1500
"2425",0,2100
"2426",0,1500
"2427",0,900
"2428",1500,1800
"2429",1200,1800
"2430",1800,2400
"2431",1200,1500
"2432",1500,2100
"2433",1500,2400
"2434",1200,1800
"2435",0,1800
"2436",1200,1800
"2438",1200,1800
"2439",0,300
"244",0,300
"2440",900,1200
"2441",0,2100
"2442",600,2100
"2443",0,2400
"2444",300,1800
"2445",600,2700
"2446",1500,1800
"2448",0,2100
"245",0,300
"2450",0,300
"2451",0,900
"2452",0,1800
"2453",0,900
"2454",0,1500
"2455",0,300
"2456",0,1200
"2457",0,300
"2458",0,300
"2459",0,300
"246",600,900
"2460",0,300
"2461",0,300
"2462",-9000,-8700
"2463",0,300
"2464",300,1500
"2465",0,900
"2466",0,900
"2467",0,2700
"2468",0,1800
"2469",0,300
"247",300,1500
"2470",1500,1800
"2471",0,600
"2472",0,1200
"2473",0,900
"2474",300,2100
"2475",0,900
"2476",600,900
"2477",0,300
"2478",0,1200
"248",0,600
"2480",0,300
"2481",0,1500
"2482",0,1200
"2485",0,1800
"2486",0,300
"2488",300,2700
"249",-9000,-8700
"2490",0,1200
"2492",0,1200
"2493",0,1500
"2494",0,300
"2495",0,300
"2498",300,600
"2499",0,600
"25",0,1500
"250",0,600
"2500",0,2100
"2501",0,300
"2502",300,600
"2503",0,1800
"2504",0,600
"2506",0,1200
"2507",300,1800
"2508",0,300
"251",-9000,-8700
"2510",900,1200
"2511",0,300
"2512",0,300
"2513",0,300
"2514",0,1200
"2515",300,1500
"2516",0,300
"2517",0,600
"2519",0,300
"252",-9000,-8700
"2520",0,300
"2521",0,300
"2522",0,1200
"2523",0,300
"2524",0,300
"2526",0,300
"2527",0,300
"2528",0,300
"2529",0,1800
"2530",600,1200
"2532",1800,2700
"2533",1200,2100
"2534",0,2100
"2536",0,300
"2537",600,900
"2538",0,2400
"2539",600,2400
"2540",0,1800
"2541",0,1500
"2542",0,2100
"2543",0,2400
"2544",0,1500
"2545",900,2100
"2546",0,1800
"2547",0,300
"2548",300,600
"2549",1200,1500
"2550",0,1800
"2551",0,300
"2552",1500,2400
"2553",600,1800
"2554",1200,1500
"2555",-9000,-8700
"2556",-9000,-8700
"2557",900,1200
"2558",0,2100
"2559",-9000,-8700
"256",0,1200
"2560",1200,1500
"2561",-9000,-8700
"2562",0,2100
"2564",300,1800
"2565",900,1200
"2566",600,1500
"2567",600,900
"2569",900,1200
"257",0,1500
"2571",900,1800
"2572",300,600
"2573",1200,1800
"2574",0,1800
"2575",900,1200
"2576",1200,1500
"2577",0,1200
"2578",0,1500
"2579",0,1200
"258",300,600
"2581",0,1200
"2582",-9000,-8700
"2585",0,900
"2587",-9000,-8700
"2589",0,1200
"259",-9000,-8700
"2590",0,1800
"2591",1200,1800
"2592",0,2100
"2594",0,1500
"2595",900,2700
"2596",0,300
"2597",2100,2400
"2598",0,900
"26",0,600
"260",0,1200
"2600",2100,3000
"2601",1200,2400
"2603",0,900
"2606",1200,1500
"2607",900,1200
"2608",600,1800
"2609",1800,2100
"2610",300,1500
"2611",600,2100
"2612",300,1500
"2613",0,600
"2614",0,300
"2615",900,2400
"2617",0,2400
"2618",0,300
"2619",0,900
"262",0,900
"2625",300,1500
"2626",0,900
"2627",0,900
"2628",0,300
"2629",600,900
"263",0,900
"2630",0,600
"2631",300,2100
"2632",-9000,-8700
"2633",0,1800
"2636",0,300
"2637",0,300
"2638",900,1800
"2639",0,600
"264",-9000,-8700
"2640",300,900
"2641",0,1800
"2642",600,2400
"2643",600,900
"2644",0,300
"2645",0,2100
"2646",0,900
"2647",600,1500
"2648",0,2400
"2649",300,600
"265",0,300
"2650",1200,1500
"2651",0,1200
"2652",0,1200
"2653",0,300
"2654",0,2400
"2655",600,900
"2656",0,2100
"2657",0,2400
"2658",300,1500
"2659",0,900
"266",600,900
"2660",0,300
"2661",300,600
"2662",0,2700
"2663",900,2100
"2665",900,1200
"2666",300,2100
"2667",0,2100
"2669",0,1500
"2670",600,2100
"2671",600,2100
"2672",0,300
"2673",0,1200
"2674",300,900
"2677",600,900
"2678",0,900
"2679",0,300
"268",0,600
"2680",0,2400
"2681",0,600
"2682",0,1800
"2683",300,2100
"2684",0,2100
"2685",0,1800
"2686",0,1500
"2687",0,600
"2688",0,600
"269",0,2100
"2692",0,2100
"2696",2400,3000
"2697",600,900
"2698",0,900
"2699",0,300
"27",900,2700
"270",0,2100
"2700",0,1200
"2701",-9000,-8700
"2702",0,1500
"2703",0,2400
"2704",300,2400
"2705",600,900
"2706",0,900
"2709",0,300
"271",300,600
"2710",0,900
"2711",0,1200
"2712",0,900
"2713",300,2400
"2714",0,1500
"2715",300,2400
"2716",0,300
"2717",0,600
"2718",0,300
"272",900,1200
"2720",0,1500
"2722",0,900
"2725",0,300
"2726",0,1500
"2729",0,600
"273",0,300
"2730",0,300
"2731",0,1500
"2733",0,600
"2734",300,600
"2736",0,1200
"2737",0,600
"2738",0,300
"274",300,600
"2740",0,1800
"2741",0,300
"2742",0,600
"2743",0,2100
"2746",0,300
"2747",0,600
"2748",0,1200
"2749",0,300
"275",0,900
"2750",0,2100
"2751",0,300
"2752",1200,1500
"2753",300,2100
"2754",900,2400
"2755",0,2700
"2756",1200,1500
"2757",900,2400
"2758",-9000,-8700
"2759",0,300
"276",300,600
"2761",0,2100
"2762",300,600
"2763",300,2100
"2765",0,2100
"2766",0,1500
"2769",-9000,-8700
"277",0,2100
"2770",0,600
"2771",0,1200
"2772",0,900
"2773",0,1200
"2774",-9000,-8700
"2775",0,900
"2776",0,2400
"2778",300,900
"2779",0,1800
"278",0,2400
"2780",0,2100
"2781",0,1200
"2782",0,1200
"2784",-9000,-8700
"2785",1500,2100
"2786",900,1200
"2789",0,1500
"279",0,2100
"2790",0,1800
"2792",0,1500
"2793",-9000,-8700
"2794",0,1800
"2795",0,1800
"2796",0,2100
"2797",0,900
"2798",1800,2100
"2799",600,2100
"28",-9000,-8700
"280",1500,1800
"2800",0,2400
"2802",2700,3000
"2803",-9000,-8700
"2804",900,2100
"2805",900,2100
"2807",300,2700
"2808",0,900
"2809",900,1500
"281",0,300
"2810",-9000,-8700
"2812",300,2400
"2814",1200,1500
"2815",1800,2100
"2816",900,2400
"2817",900,1500
"2818",-9000,-8700
"2819",600,900
"2822",0,1800
"2825",600,2400
"2826",0,2100
"2827",0,600
"2828",0,300
"2829",600,2100
"283",0,1500
"2830",0,1800
"2831",0,1500
"2832",0,1800
"2833",0,1500
"2834",0,300
"2835",0,600
"2836",0,900
"2837",0,2100
"2838",0,1500
"2839",0,300
"284",0,300
"2840",0,300
"2841",300,600
"2842",0,1800
"2843",0,900
"2844",0,900
"2845",0,1800
"2846",0,1200
"2847",-9000,-8700
"2848",0,1500
"2849",0,1800
"285",-9000,-8700
"2851",600,1500
"2852",0,2100
"2853",0,300
"2854",0,300
"2855",-9000,-8700
"2856",0,300
"2857",0,1500
"2858",0,2100
"2859",0,1500
"286",0,2400
"2860",0,2100
"2861",0,2100
"2862",-9000,-8700
"2863",0,300
"2864",0,300
"2865",0,300
"2866",0,1500
"2867",0,1200
"2868",0,2100
"2869",0,300
"287",300,600
"2870",-9000,-8700
"2871",0,300
"2872",300,1200
"2873",300,1200
"2874",0,600
"2875",0,1200
"2876",300,1800
"2877",300,600
"2879",900,1800
"288",0,1200
"2880",0,900
"2881",0,2100
"2882",300,1200
"2883",0,2100
"2884",0,1200
"2885",-9000,-8700
"2886",900,2100
"2887",600,900
"2888",1200,2100
"2889",600,900
"289",600,900
"2890",-9000,-8700
"2892",0,1200
"2893",0,300
"2895",300,600
"2896",-9000,-8700
"2897",0,600
"2898",0,900
"2899",0,1200
"290",0,1800
"2900",600,2100
"2901",0,300
"2902",-9000,-8700
"2905",0,2100
"2906",0,900
"2907",0,1500
"2908",0,300
"2909",0,300
"291",-9000,-8700
"2910",0,1200
"2911",0,300
"2912",-9000,-8700
"2913",0,300
"2914",0,300
"2916",0,900
"2917",0,1200
"2918",0,600
"2919",0,1800
"292",0,300
"2920",0,1500
"2921",0,1200
"2922",0,1200
"2923",0,1200
"2924",0,300
"2925",0,300
"2926",0,2100
"2927",0,1800
"2928",600,1200
"2929",600,2400
"293",600,900
"2930",0,1500
"2931",600,1500
"2932",900,1200
"2933",300,2100
"2934",900,1200
"2935",0,1500
"2936",600,1200
"2938",0,1200
"2939",300,2400
"2940",0,1200
"2941",0,1500
"2942",0,300
"2943",0,600
"2945",300,600
"2946",0,1200
"2947",0,1500
"2948",0,300
"2949",0,900
"295",1500,2100
"2950",0,300
"2951",0,1200
"2952",300,1800
"2953",0,1500
"2954",600,900
"2956",1200,1500
"2957",0,1500
"2958",0,1200
"2959",0,900
"296",-9000,-8700
"2961",0,1200
"2962",0,1200
"2963",900,1500
"2964",900,1200
"2965",1800,2400
"2966",0,2100
"2967",0,1500
"2968",0,1500
"2969",0,1200
"2970",900,1500
"2971",0,300
"2972",300,1200
"2973",0,300
"2974",0,1500
"2975",300,2100
"2976",600,2400
"2978",300,600
"298",600,2100
"2980",0,1500
"2982",900,2700
"2984",0,1800
"2986",0,300
"2987",0,1200
"2988",300,900
"2989",0,300
"299",-9000,-8700
"2990",0,1200
"2991",0,300
"2992",0,900
"2993",0,300
"2994",0,1500
"2995",0,2400
"2996",0,2100
"2997",900,2100
"2998",900,2400
"2999",-9000,-8700
"3",300,2100
"30",300,2400
"300",1200,2400
"3000",1800,2100
"3002",0,1800
"3003",-9000,-8700
"3005",0,1800
"3006",900,1200
"3007",0,1500
"3008",0,600
"3009",600,1500
"301",0,600
"3010",300,2100
"3011",0,1500
"3013",0,2100
"3015",300,1800
"3016",0,2100
"3017",0,1500
"3018",300,600
"3019",900,1200
"302",-9000,-8700
"3020",0,1800
"3022",900,1200
"3023",0,1800
"3025",-9000,-8700
"3026",0,2100
"3027",300,900
"3028",0,600
"3029",0,2100
"303",0,2100
"3031",0,1200
"3032",0,600
"3033",0,300
"3034",0,2100
"3035",0,1200
"3036",0,2100
"3037",0,1500
"3038",300,2100
"3039",0,600
"304",0,900
"3041",0,900
"3042",0,2100
"3043",0,2100
"3044",0,300
"3045",-9000,-8700
"3046",0,1500
"3047",300,600
"3048",0,900
"3049",0,300
"305",0,900
"3050",0,900
"3051",300,900
"3056",0,300
"3057",0,2400
"3058",900,2400
"3059",0,600
"3060",900,1500
"3061",600,900
"3062",0,300
"3063",0,2100
"3064",0,1800
"3065",900,2400
"3066",600,1800
"3067",600,1800
"3068",300,1800
"3069",0,300
"307",300,600
"3070",0,300
"3071",300,900
"3072",600,900
"3074",300,900
"3075",0,2100
"3077",600,2100
"3078",300,2400
"3079",-9000,-8700
"3080",1200,2100
"3081",-9000,-8700
"3083",1500,2100
"3084",1500,2700
"3087",-9000,-8700
"3088",900,1200
"309",900,2400
"3090",0,2400
"3091",1800,2100
"3093",600,900
"3094",0,1500
"3095",600,2100
"3096",1200,2400
"3097",600,2700
"31",600,1200
"3100",600,1800
"3101",0,1800
"3103",0,1500
"3104",0,2100
"3105",0,1500
"3106",300,600
"3109",0,2100
"311",0,1500
"3110",0,2400
"3111",300,2700
"3113",0,1500
"3115",300,900
"3116",0,1800
"3117",0,2400
"3118",0,2100
"3119",600,2100
"312",0,2100
"3120",0,1800
"3121",0,2400
"3122",0,2100
"3123",600,2700
"3124",600,2400
"3125",600,900
"3126",0,300
"3127",0,2100
"3128",0,1800
"3129",900,2400
"313",0,2100
"3130",900,2100
"3132",1800,2400
"3134",1200,1500
"3135",1500,2100
"3136",0,2100
"3137",0,600
"3138",0,600
"3139",300,1800
"3140",0,900
"3141",300,1800
"3142",0,300
"3143",0,300
"3144",0,900
"3145",0,900
"3146",0,1200
"3147",0,1500
"3148",0,2100
"3149",0,300
"315",2100,2400
"3150",0,900
"3151",0,900
"3152",0,2700
"3153",900,2400
"3154",0,1500
"3155",600,2100
"3156",1200,1500
"3157",0,1200
"3159",0,300
"316",900,2400
"3160",0,300
"3161",2100,2400
"3162",2100,2400
"3163",2100,2700
"3164",-9000,-8700
"3165",2100,2400
"3166",1800,2700
"3167",600,2400
"3168",0,2400
"3170",0,600
"3171",300,600
"3172",0,900
"3173",0,1200
"3174",-9000,-8700
"3175",0,1200
"3176",600,900
"3178",0,900
"3179",-9000,-8700
"3180",0,2400
"3181",900,2400
"3183",-9000,-8700
"3184",600,1500
"3185",600,900
"3186",1200,1800
"3187",0,300
"3188",1200,2400
"3189",0,1200
"3190",0,900
"3191",0,2400
"3193",0,900
"3195",1200,2400
"3196",0,300
"3197",900,1500
"3198",0,300
"3199",-9000,-8700
"32",1500,2100
"320",-9000,-8700
"3200",1200,2100
"3202",0,300
"3203",0,1500
"3205",0,300
"3206",0,2100
"3207",0,1200
"3208",0,1500
"3209",0,1200
"321",1500,1800
"3210",0,300
"3213",0,600
"3214",0,300
"3215",300,2100
"3216",300,900
"3219",0,2100
"3220",0,2700
"3221",0,2100
"3222",600,1500
"3223",300,1800
"3225",1500,1800
"3226",0,2700
"3227",0,1500
"3228",-9000,-8700
"3229",0,300
"3230",0,300
"3232",0,300
"3234",600,1500
"3236",0,300
"3237",0,300
"3238",0,1500
"3239",0,1200
"324",300,1200
"3240",0,1500
"3241",600,2400
"3242",1500,2100
"3243",0,300
"3244",0,1500
"3245",0,600
"3246",900,2400
"3247",0,1500
"3248",0,300
"3249",0,1800
"3250",-9000,-8700
"3251",1800,2400
"3252",600,1800
"3253",600,2700
"3254",0,300
"3255",0,600
"3256",0,1200
"3257",0,2100
"3258",0,900
"3259",0,300
"3260",0,900
"3261",0,600
"3262",1200,2100
"3263",0,2400
"3264",0,2100
"3265",300,2100
"3266",0,1800
"3267",0,300
"327",0,300
"3270",0,300
"3271",-9000,-8700
"3272",0,900
"3273",0,300
"3274",900,1200
"3275",0,900
"3276",1800,2100
"3278",0,1800
"3279",600,2700
"328",0,1500
"3280",0,1200
"3281",1500,2100
"3283",0,2100
"3285",0,300
"3287",0,2100
"3288",300,1200
"329",0,1500
"3290",900,2400
"3291",600,2400
"3292",1200,2400
"3293",300,1200
"3294",-9000,-8700
"3295",0,300
"3296",0,2100
"3297",0,600
"33",1800,2400
"330",0,900
"3300",0,1500
"3301",600,1800
"3302",600,2100
"3303",300,1500
"3304",0,300
"3305",0,300
"3306",0,300
"3308",0,600
"3313",300,2700
"332",-9000,-8700
"3320",900,2400
"3323",300,1800
"3324",300,600
"3327",300,1500
"333",0,300
"3330",0,1500
"3331",300,600
"3337",-9000,-8700
"3338",0,1200
"3339",900,2100
"3340",600,1500
"3342",600,900
"3349",2100,2400
"335",2100,2400
"3350",1200,2100
"3351",900,1200
"3352",2100,2700
"3353",1800,2400
"3355",1500,1800
"3357",1500,2400
"3358",1500,2400
"336",600,900
"3361",900,2100
"3362",900,2100
"3363",600,1500
"3364",0,1800
"3366",900,1800
"3367",300,1200
"3368",900,2400
"337",300,600
"3370",600,2400
"3371",900,1500
"3372",1200,1500
"3373",600,2400
"3378",300,600
"3379",300,2400
"3383",300,1800
"3389",-9000,-8700
"339",0,1800
"3390",1200,2400
"3391",1800,2700
"3393",600,900
"3395",300,1800
"3396",0,1800
"3399",600,900
"34",2100,2400
"340",0,1500
"3400",0,2400
"3401",900,2100
"3402",900,2100
"3404",300,2700
"3405",900,2400
"3406",900,2400
"341",0,2400
"3414",1500,2400
"3418",600,1500
"3419",0,2700
"342",300,2100
"3423",300,2100
"3425",900,1200
"3428",900,1500
"3434",0,1500
"3435",600,2400
"3438",900,2400
"3439",600,2100
"344",0,300
"3441",1500,2400
"3442",1800,2100
"3443",900,1200
"3445",900,1200
"3447",1200,2400
"3448",2400,3000
"3452",1200,2100
"3453",1200,2700
"3457",300,2400
"346",0,1500
"3460",600,1500
"3464",900,2400
"3465",900,2700
"3466",1800,2400
"3470",600,1200
"3471",600,2400
"3472",1500,1800
"348",600,900
"3480",1500,2100
"3483",300,1500
"3486",600,900
"3487",300,600
"3489",1800,2100
"349",0,300
"3491",900,2400
"3492",900,1200
"3495",0,900
"3496",0,1800
"3497",0,1200
"3498",0,1500
"3499",0,1200
"35",300,2400
"350",0,900
"3500",0,2400
"3501",-9000,-8700
"3502",0,1500
"3503",0,2100
"3504",-9000,-8700
"3505",0,300
"3506",0,900
"3507",0,900
"3508",300,900
"3509",0,1200
"351",300,1200
"3510",0,300
"3511",0,300
"3512",0,1800
"3513",1200,1800
"3514",0,2100
"3515",600,1800
"3516",0,2400
"3517",0,600
"3518",0,300
"3519",0,1800
"352",300,1800
"3520",0,600
"3521",0,2100
"3522",0,1500
"3523",0,300
"3524",0,900
"3525",0,300
"3526",0,300
"3527",1200,1500
"3528",0,2100
"353",300,2400
"3530",1200,1800
"3531",0,1200
"3532",0,300
"3533",300,2100
"3535",0,300
"3537",0,300
"3538",0,1500
"3539",-9000,-8700
"354",0,1500
"3540",0,900
"3542",0,300
"3544",0,300
"3545",0,900
"3546",0,1500
"3547",0,900
"3548",0,300
"3549",0,300
"355",300,600
"3550",0,300
"3552",0,300
"3553",0,300
"3554",0,300
"3555",0,300
"3556",0,300
"3557",0,300
"3558",0,300
"3559",600,2100
"356",0,300
"3560",300,1200
"3561",0,600
"3562",0,1800
"3563",600,900
"3564",0,2400
"3566",0,1800
"3567",0,300
"3569",0,300
"3570",0,1800
"3571",0,1800
"3572",0,1200
"3574",-9000,-8700
"3578",0,1800
"3581",600,1500
"3582",1500,1800
"3583",1200,2400
"3584",1200,2100
"3585",1200,1800
"3586",0,600
"3587",0,1500
"3588",0,2400
"3589",0,1200
"3590",0,2400
"3591",0,1200
"3592",0,300
"3593",0,1800
"3594",0,2700
"3595",300,1800
"3596",0,2100
"3597",300,900
"3598",0,1500
"3599",0,1200
"36",1800,2700
"360",0,300
"3600",900,1800
"3601",0,900
"3603",-9000,-8700
"3604",0,2100
"3605",0,1200
"3606",0,2100
"3607",0,1200
"3608",900,1500
"3609",0,1500
"361",1200,1500
"3610",1800,2400
"3611",300,2100
"3612",900,1500
"3613",900,1200
"3614",0,300
"3615",0,1200
"3616",-9000,-8700
"3618",1200,2100
"3619",300,2700
"362",0,1800
"3621",-9000,-8700
"3622",0,1500
"3623",-9000,-8700
"3624",0,300
"3625",300,1500
"3626",0,300
"3628",0,1800
"3629",0,300
"363",900,2700
"3630",0,300
"3632",300,1800
"3633",0,1800
"3634",0,1500
"3635",0,600
"3636",0,300
"3637",0,1800
"3638",0,2100
"3639",0,600
"364",0,900
"3640",300,1500
"3641",300,600
"3642",-9000,-8700
"3643",0,1800
"3644",0,1200
"3645",0,1500
"3646",0,1200
"3647",300,1500
"3648",0,600
"3649",0,300
"365",0,2100
"3650",0,300
"3651",0,600
"3652",0,600
"3653",-9000,-8700
"3654",0,300
"3655",0,2100
"3656",0,2400
"3657",1200,2100
"3658",-9000,-8700
"3659",600,900
"366",0,1500
"3660",0,900
"3661",0,2100
"3662",0,1800
"3663",300,1200
"3664",0,1500
"3665",0,300
"3666",0,900
"3667",0,1500
"3668",1500,1800
"3669",300,2100
"3671",-9000,-8700
"3672",0,600
"3673",0,1500
"3674",300,900
"3675",-9000,-8700
"3676",0,300
"3678",0,600
"3679",-9000,-8700
"3682",2100,2400
"3683",300,900
"3684",600,900
"3685",0,300
"3686",0,600
"3687",-9000,-8700
"3688",0,300
"3689",0,300
"3690",0,300
"3692",1800,2400
"3693",300,1200
"3694",600,2100
"3695",0,1800
"3696",1800,2700
"3697",0,900
"3699",0,300
"37",0,2400
"370",0,900
"3700",0,900
"3701",0,2100
"3702",1200,1500
"3703",0,300
"3704",0,300
"3705",1200,2400
"3706",1200,1500
"3707",-9000,-8700
"3708",0,2400
"3709",0,600
"371",0,600
"3710",0,1200
"3711",0,900
"3713",0,1500
"3717",0,300
"3718",-9000,-8700
"3719",0,900
"372",0,300
"3722",0,900
"3723",0,1200
"3724",0,1200
"3726",0,300
"3727",0,300
"3728",0,2400
"3729",0,300
"373",-9000,-8700
"3730",300,600
"3731",0,900
"3732",0,300
"3733",0,300
"3734",300,600
"3735",0,2100
"3736",600,2100
"3737",2100,2700
"3738",0,2400
"3739",0,2100
"374",0,900
"3740",900,2400
"3741",600,2400
"3742",300,1800
"3743",0,1500
"3744",600,2700
"3745",0,300
"3746",0,2100
"3747",0,2100
"3748",900,1200
"3749",0,1200
"375",0,2100
"3750",300,1200
"3751",0,1200
"3752",0,2400
"3753",0,1500
"3754",0,300
"3755",2100,2400
"3758",1200,2400
"3759",0,600
"376",0,300
"3760",300,600
"3761",0,1200
"3762",0,600
"3763",0,1200
"3764",0,300
"3765",-9000,-8700
"3766",0,900
"3767",0,900
"3768",0,300
"3769",600,900
"377",300,1500
"3771",0,2100
"3772",0,1500
"3774",300,1800
"3776",300,1500
"3777",0,2400
"3778",0,1800
"3779",0,1200
"378",0,2100
"3780",0,600
"3781",900,1800
"3782",0,1200
"3783",900,2400
"3784",1200,2400
"3785",0,1500
"3787",0,2100
"3788",0,2100
"3789",0,1500
"3790",300,1800
"3791",0,300
"3792",900,1200
"3793",0,300
"3794",0,300
"3795",300,2100
"3796",1500,1800
"3797",1500,2100
"3798",300,1500
"3799",900,2700
"38",0,2100
"380",0,1500
"3800",0,2100
"3802",900,1200
"3806",0,1500
"3807",0,2400
"3808",0,1800
"3809",300,1200
"381",900,1200
"3810",0,1500
"3811",0,1500
"3812",0,1500
"3813",-9000,-8700
"3814",0,300
"3816",0,600
"3817",0,2100
"3818",0,900
"3819",0,2100
"382",300,2100
"3820",0,1800
"3821",0,2400
"3822",300,2100
"3823",0,2100
"3824",900,2700
"3825",0,2100
"3827",300,900
"3828",0,2100
"3829",0,900
"383",300,1500
"3830",0,1200
"3831",300,600
"3832",0,1500
"3834",0,600
"3837",0,2100
"3838",0,1800
"3839",0,1200
"384",1800,2700
"3840",-9000,-8700
"3842",600,2100
"3843",900,2400
"3844",600,900
"3845",0,1800
"3846",0,1500
"3847",0,1500
"3848",600,900
"3849",0,1500
"385",2700,3000
"3850",0,900
"3851",0,2100
"3852",0,300
"3853",-9000,-8700
"3854",0,300
"3855",0,2100
"3856",0,600
"3857",0,2100
"3858",0,300
"3859",600,2400
"386",1800,2400
"3860",0,300
"3861",0,1200
"3862",0,1200
"3863",0,1500
"3865",0,2100
"3866",0,600
"3867",0,1500
"3868",0,2100
"3869",0,300
"387",1500,1800
"3871",600,900
"3872",600,900
"3873",0,2100
"3874",0,900
"3875",0,1800
"3876",0,2100
"3877",0,1800
"3878",0,300
"388",0,2100
"3880",0,1800
"3881",0,900
"3885",0,900
"3886",0,600
"3887",0,1500
"3888",0,300
"3889",0,1200
"389",0,2100
"3890",0,1800
"3891",0,1200
"3893",0,2400
"3895",0,300
"3896",0,600
"3897",0,300
"3898",0,300
"3899",0,600
"39",0,2100
"390",0,2100
"3900",0,1200
"3901",0,1500
"3902",0,300
"3903",0,300
"3904",0,600
"3906",0,2400
"3907",0,2100
"3908",0,2400
"391",0,2400
"3910",0,2400
"3911",300,1200
"3913",0,1500
"3914",0,2100
"3916",0,1800
"3917",0,300
"3918",0,300
"392",0,300
"3920",0,900
"3921",900,1200
"3922",0,2400
"3923",900,2400
"3924",0,900
"3925",0,300
"3926",0,1200
"3927",0,300
"3928",300,600
"3930",0,600
"3931",0,300
"3932",0,2100
"3933",600,900
"3936",300,1800
"3937",0,300
"3938",0,300
"394",300,2400
"3940",0,300
"3941",1500,1800
"3942",2100,2700
"3943",2400,2700
"3944",1800,2100
"3945",0,1200
"3946",900,2100
"3947",0,1200
"3948",0,2100
"3949",-9000,-8700
"395",0,2100
"3950",300,2100
"3951",1200,1800
"3952",0,300
"3953",0,2100
"3954",0,300
"3955",0,300
"3957",0,300
"3959",-9000,-8700
"396",300,1800
"3962",-9000,-8700
"3966",-9000,-8700
"3967",0,300
"3968",0,300
"3969",0,300
"397",600,900
"3971",0,300
"3972",-9000,-8700
"3974",-9000,-8700
"3975",0,300
"3977",-9000,-8700
"3979",-9000,-8700
"398",1800,2700
"3980",-9000,-8700
"3981",0,300
"3982",-9000,-8700
"3983",-9000,-8700
"3986",0,300
"3988",0,300
"3989",0,300
"399",0,1500
"3993",-9000,-8700
"3995",-9000,-8700
"3997",-9000,-8700
"4",0,1200
"40",0,600
"400",1500,2100
"4005",-9000,-8700
"4008",-9000,-8700
"4009",0,300
"401",0,1200
"4011",0,300
"4017",0,300
"4018",0,300
"402",0,300
"4020",-9000,-8700
"4023",0,300
"4024",-9000,-8700
"4025",-9000,-8700
"4028",-9000,-8700
"4029",0,300
"4031",-9000,-8700
"4034",-9000,-8700
"4038",0,300
"404",0,900
"4042",-9000,-8700
"4043",0,2100
"4045",900,2100
"4046",0,1200
"4047",0,1500
"4048",0,1800
"4049",300,600
"405",0,900
"4050",-9000,-8700
"4051",0,300
"4052",0,2100
"4053",0,2700
"4054",0,1800
"4055",0,300
"4056",0,300
"4057",600,900
"4058",0,300
"4059",600,900
"406",0,900
"4060",0,1500
"4061",0,2100
"4062",0,2100
"4064",600,900
"4066",1500,2100
"4067",1800,2100
"4068",2100,2700
"407",0,300
"4070",0,1500
"4071",0,300
"4072",0,2400
"4073",-9000,-8700
"4074",300,1800
"4075",600,2400
"4078",300,600
"4079",0,1200
"408",0,600
"4080",300,1800
"4081",300,600
"4082",300,2100
"4083",600,1800
"4084",300,600
"4085",0,300
"4086",0,1800
"4088",1500,2400
"4089",0,900
"409",0,600
"4090",0,900
"4091",1500,2100
"4092",1500,2100
"4093",0,1500
"4094",0,1500
"4095",0,2400
"4096",0,600
"4097",0,1200
"4098",1200,1500
"4099",0,300
"41",0,1800
"410",0,900
"4100",0,600
"4101",0,600
"4102",0,1500
"4103",0,900
"4104",0,900
"4107",0,300
"4109",0,2400
"4110",0,1200
"4111",0,1500
"4112",0,1500
"4113",0,300
"4114",0,900
"4115",0,1800
"4116",0,1500
"4117",0,2100
"4118",0,1200
"4119",300,1800
"412",0,300
"4120",300,2100
"4121",0,300
"4122",0,900
"4123",300,600
"4124",300,900
"4125",0,300
"4126",0,900
"4127",300,600
"4129",300,600
"413",0,300
"4130",300,1200
"4131",-9000,-8700
"4132",900,2400
"4133",300,1500
"4134",1800,2400
"4135",1200,1500
"4136",1800,2100
"4137",0,900
"4139",1200,2400
"4141",0,1800
"4142",0,1800
"4143",0,900
"4144",0,900
"4146",600,2100
"4147",0,2100
"4148",300,1200
"4149",0,1500
"415",0,900
"4150",600,900
"4151",0,2100
"4152",0,900
"4153",0,2700
"4154",0,300
"4155",0,600
"4156",0,600
"4157",0,1200
"4158",0,300
"4159",0,900
"416",0,900
"4160",-9000,-8700
"4161",0,1200
"4162",0,300
"4163",0,300
"4164",0,1500
"4165",0,600
"4166",0,600
"4167",0,300
"4168",0,1500
"4169",-9000,-8700
"417",0,300
"4170",0,300
"4172",0,900
"4173",0,1500
"4174",0,300
"4175",0,1200
"4176",0,600
"4177",0,600
"4178",0,600
"4179",0,300
"418",0,300
"4180",0,900
"4182",0,2100
"4184",0,1500
"4185",1500,1800
"4186",300,1800
"4187",300,1800
"4188",600,2100
"4189",1200,2100
"4190",0,2400
"4193",1200,1800
"4194",900,2700
"4196",1800,2400
"4197",900,2400
"4198",600,2100
"42",-9000,-8700
"420",0,1200
"4200",0,300
"4201",0,300
"4202",0,300
"4203",0,300
"4204",0,1200
"4205",0,300
"4206",0,300
"4207",0,1800
"4208",0,300
"4209",0,1200
"421",0,300
"4210",0,2100
"4211",600,2400
"4212",0,1500
"4213",0,300
"4214",0,900
"4216",0,300
"4217",0,1800
"4218",0,600
"4219",0,300
"422",0,900
"4220",0,300
"4222",1500,1800
"4223",-9000,-8700
"4224",0,300
"4225",0,1200
"4226",0,300
"4227",0,1800
"4228",0,300
"4229",0,1500
"423",0,300
"4230",0,1200
"4231",0,300
"4232",0,600
"4233",0,1800
"4234",0,2400
"4235",0,300
"4236",0,2100
"4237",0,300
"4238",300,600
"4239",0,1800
"4240",0,300
"4241",0,300
"4242",300,2700
"4243",600,2100
"4244",600,2400
"4245",-9000,-8700
"4248",0,1200
"4249",0,1500
"4250",0,300
"4251",0,600
"4252",-9000,-8700
"4253",0,300
"4254",0,900
"4255",900,2700
"4256",0,900
"4257",0,2400
"4259",0,900
"4260",0,1200
"4261",0,300
"4262",0,1500
"4264",0,1200
"4265",0,1500
"4266",600,1200
"4267",600,1200
"4268",0,900
"427",0,300
"4270",0,300
"4271",0,1500
"4272",0,300
"4273",0,1800
"4274",600,1200
"4275",600,2400
"4276",1200,2400
"4277",900,2100
"4278",0,1200
"4279",-9000,-8700
"4280",0,300
"4282",0,1200
"4283",1200,1500
"4284",0,600
"4285",0,300
"4286",0,2100
"4287",0,1500
"4289",0,300
"429",300,1800
"4290",0,300
"4291",0,300
"4292",0,300
"4293",0,1200
"4294",0,900
"4295",300,600
"4296",0,300
"43",900,1200
"430",900,1200
"4300",0,600
"4301",0,1800
"4302",0,1500
"4303",0,1800
"4304",0,300
"4305",300,600
"4307",0,300
"4308",0,600
"4309",0,2100
"431",900,1200
"4310",0,600
"4311",0,1800
"4312",0,1800
"4313",0,900
"4314",-9000,-8700
"4315",0,2400
"4316",600,1200
"4317",300,2100
"4318",0,2400
"4319",0,600
"432",1200,2100
"4320",300,2100
"4321",0,2400
"4322",0,600
"4323",0,1200
"4324",0,2100
"4325",0,2100
"4326",0,600
"4327",0,900
"4328",0,900
"4329",0,1800
"433",900,1500
"4331",300,600
"4333",300,1800
"4334",600,900
"4335",900,2100
"4336",0,300
"4338",0,2100
"4339",0,1800
"434",600,1200
"4340",0,300
"4341",0,300
"4342",600,900
"4343",300,600
"4344",1200,1500
"4345",1500,1800
"4346",1200,2100
"4347",-9000,-8700
"4348",0,900
"4349",600,900
"435",0,300
"4350",0,2100
"4351",0,1500
"4352",0,300
"4353",0,1800
"4355",300,600
"4356",0,600
"4358",0,2100
"4359",0,1500
"4361",0,1200
"4362",0,1500
"4363",0,1800
"4364",0,300
"4365",0,300
"4366",0,600
"4368",0,1200
"4369",0,1500
"437",0,300
"4370",0,1500
"4371",0,1500
"4372",0,600
"4373",0,2400
"4374",-9000,-8700
"4375",300,1800
"4376",0,1200
"4377",0,2100
"4378",0,2100
"4379",-9000,-8700
"438",0,300
"4380",0,600
"4381",900,1200
"4382",0,1200
"4383",0,2100
"4384",0,1800
"4385",0,300
"4386",0,300
"4387",0,900
"4388",0,1500
"439",0,900
"4390",-9000,-8700
"4391",0,2400
"4392",0,300
"4393",0,1200
"4394",1200,1500
"4395",0,2100
"4396",0,600
"4397",0,1500
"4398",600,900
"440",0,300
"4400",0,900
"4401",0,1500
"4402",0,2400
"4403",0,2100
"4404",0,1800
"4405",600,900
"4406",0,1200
"4409",0,1500
"441",0,300
"4417",1500,2100
"4418",900,1200
"4419",1800,2400
"442",0,300
"4420",0,2400
"4421",600,1800
"4422",0,1500
"4423",300,600
"4424",0,300
"4425",300,2100
"4426",0,300
"4428",1500,1800
"4429",0,300
"443",0,300
"4430",0,2400
"4431",0,300
"4432",0,2100
"4433",0,2100
"4434",1500,2400
"4435",0,300
"4436",0,1200
"4437",0,1500
"4439",0,900
"444",0,300
"4440",0,1200
"4441",600,1200
"4442",0,1200
"4443",1800,2100
"4447",-9000,-8700
"4448",0,1200
"4449",0,600
"445",-9000,-8700
"4451",1200,2400
"4453",-9000,-8700
"4454",0,2100
"4455",0,2100
"4456",1200,2100
"4457",0,1200
"4459",0,600
"446",0,300
"4460",0,900
"4461",600,2100
"4462",0,600
"4463",0,2100
"4464",0,1200
"4465",0,1500
"4466",0,2100
"4467",0,300
"4468",300,600
"4469",0,600
"447",0,300
"4470",0,300
"4472",0,300
"4474",600,2100
"4478",0,300
"4479",0,300
"448",0,300
"4480",0,1500
"4481",-9000,-8700
"4482",600,2400
"4483",0,600
"4484",0,900
"4485",0,2100
"4486",0,2400
"4487",0,1200
"4488",0,2100
"449",0,900
"4490",1500,2100
"4491",900,1200
"4492",0,900
"4493",0,2100
"4494",0,300
"4495",0,600
"4496",0,1500
"4497",0,2100
"4498",0,600
"45",300,2700
"450",0,900
"4500",0,300
"4501",1200,2100
"4502",1800,2100
"4504",900,2400
"4505",0,2100
"4506",0,300
"4507",0,900
"4508",0,300
"4509",0,2100
"451",0,900
"4512",0,300
"4515",600,2100
"4516",0,1500
"4517",600,900
"4518",0,1800
"4519",300,2100
"452",0,300
"4520",300,2400
"4523",300,600
"4525",0,2100
"4529",300,2100
"453",0,1500
"4530",0,300
"4531",0,300
"4532",0,900
"4533",0,300
"4534",0,900
"4535",0,600
"4536",0,300
"4537",0,300
"4538",0,300
"4539",0,300
"454",0,1800
"4540",-9000,-8700
"4541",0,900
"4542",300,600
"4543",0,2400
"4544",1200,2100
"4545",1500,2700
"4546",0,900
"4547",-9000,-8700
"4548",-9000,-8700
"4549",0,300
"455",0,2100
"4550",0,300
"4551",900,2700
"4552",900,1800
"4554",0,1800
"4555",0,1200
"4556",0,900
"4557",0,1200
"4558",0,1800
"4559",0,2100
"456",0,1500
"4560",-9000,-8700
"4561",300,2100
"4562",0,1800
"4563",600,900
"4564",0,2100
"4565",900,1800
"4566",0,1800
"4567",600,1200
"4568",1800,2100
"4569",0,1500
"457",-9000,-8700
"4571",300,1200
"4572",0,300
"4573",0,2400
"4574",600,1200
"4575",-9000,-8700
"4576",600,2100
"4577",1500,1800
"4578",600,1800
"4579",0,300
"458",600,1200
"4580",2100,2400
"4581",300,2700
"4582",0,900
"4583",0,1200
"4584",-9000,-8700
"4585",0,600
"4586",0,2100
"4587",0,1200
"4588",0,1800
"4589",0,300
"459",0,300
"4590",0,1200
"4591",-9000,-8700
"4592",0,2100
"4598",0,300
"4599",-9000,-8700
"46",0,2400
"460",0,1200
"4600",-9000,-8700
"4602",300,600
"4603",0,300
"4604",0,1200
"4605",900,2100
"4606",1800,2100
"4607",-9000,-8700
"4608",900,2400
"461",0,300
"4610",1800,2700
"4612",300,2100
"4613",1800,2400
"4614",0,300
"4615",0,300
"4616",0,300
"4617",0,300
"4618",0,1500
"4619",0,300
"4620",0,1200
"4621",0,300
"4623",300,900
"4624",0,1800
"4625",0,1200
"4626",0,300
"4627",1800,2400
"4628",300,2100
"463",0,900
"4630",0,2100
"4632",900,1200
"4633",0,1800
"4634",1500,2400
"4635",0,300
"4636",0,1200
"4637",300,1200
"4639",0,1200
"464",0,2100
"4640",0,900
"4641",0,300
"4642",-9000,-8700
"4643",600,900
"4645",0,300
"4646",0,300
"4647",0,1500
"4648",0,300
"4649",0,300
"465",0,900
"4650",0,300
"4651",0,600
"4652",0,300
"4653",0,300
"4654",0,900
"4655",0,300
"4656",0,300
"4657",0,300
"4659",0,300
"466",0,600
"4660",0,300
"4661",0,300
"4662",0,900
"4663",0,900
"4664",0,1200
"4666",2700,3000
"4667",1800,2100
"4668",600,900
"4669",0,1500
"4670",0,2400
"4671",0,1800
"4672",300,2100
"4673",0,2400
"4674",300,600
"4675",0,900
"4676",0,900
"4677",0,300
"4678",0,1500
"4681",0,600
"4682",1200,1500
"4683",0,1800
"4684",0,900
"4687",1800,2100
"4688",1200,2400
"4689",900,2400
"469",0,300
"4691",0,300
"4692",0,1500
"4693",1500,1800
"4694",0,300
"4695",900,1200
"4697",0,300
"4698",0,600
"4699",0,900
"47",900,2100
"4700",0,1500
"4701",0,2100
"4702",0,900
"4703",0,900
"4704",0,300
"4705",0,2100
"4706",0,2100
"4707",0,900
"4708",0,300
"4709",0,1800
"471",0,600
"4711",0,300
"4712",0,300
"4713",-9000,-8700
"4714",0,300
"4716",0,300
"4717",0,1800
"4718",-9000,-8700
"4719",0,1800
"472",0,1200
"4720",0,1500
"4721",0,1500
"4722",0,1200
"4723",600,900
"4724",900,1500
"4725",0,2100
"4726",0,1500
"4727",0,1200
"4728",0,1200
"4729",300,600
"473",0,600
"4730",0,2100
"4731",0,900
"4732",0,1200
"4733",600,2100
"4734",300,1200
"4735",0,1800
"4736",900,1500
"4737",0,900
"4738",0,1500
"4739",0,2100
"474",0,1500
"4740",0,2100
"4741",300,600
"4744",900,1200
"4745",-9000,-8700
"4746",900,1800
"4747",0,300
"4749",300,2100
"475",1800,2100
"4750",0,300
"4751",0,2100
"4752",0,1200
"4754",0,900
"4755",0,900
"4756",0,300
"4757",0,900
"4759",0,1200
"476",0,2400
"4760",0,900
"4761",0,900
"4762",0,900
"4764",0,1200
"4765",0,900
"4766",0,1500
"4767",0,300
"4768",0,900
"4769",0,600
"477",0,600
"4770",0,900
"4771",0,900
"4773",0,900
"4774",0,300
"4776",0,1200
"4777",0,1200
"4778",0,900
"4779",0,900
"478",300,600
"4780",0,900
"4781",0,300
"4783",300,600
"4784",0,1200
"4785",600,900
"4786",0,1200
"4787",0,1500
"4788",0,1200
"4789",0,600
"479",0,300
"4790",0,900
"4791",0,900
"4792",0,300
"4793",0,1800
"4794",0,1500
"4795",0,300
"4796",0,1200
"4797",0,300
"4798",0,1800
"4799",0,900
"48",600,1500
"480",0,300
"4800",0,1200
"4801",0,1500
"4802",0,300
"4803",600,900
"4804",0,300
"4805",0,1800
"4806",0,2100
"4807",0,900
"4808",0,300
"481",0,300
"4813",0,1500
"4814",0,1500
"4815",0,1200
"4816",600,1500
"4817",0,2400
"4818",600,1800
"4819",300,2100
"482",0,300
"4820",0,2100
"4821",0,2100
"4823",0,1800
"4824",0,1800
"4825",0,1800
"4826",300,600
"4827",600,2400
"4828",900,1200
"4829",1500,1800
"483",-9000,-8700
"4831",0,1500
"4832",900,1200
"4834",0,1500
"4835",0,900
"4836",300,1800
"4837",0,1200
"4839",900,1500
"484",0,1200
"4840",0,1500
"4841",0,1500
"4842",0,1500
"4843",0,2100
"4844",0,2100
"4845",0,2400
"4846",0,1800
"4849",0,600
"485",-9000,-8700
"4850",0,300
"4851",300,1200
"4852",600,900
"4853",0,300
"4854",0,1800
"4856",0,1800
"4857",0,300
"4859",0,2100
"486",0,300
"4860",-9000,-8700
"4861",0,2100
"4862",0,2100
"4863",300,2100
"4864",0,2100
"4865",0,300
"4867",0,2100
"4868",0,2100
"4869",0,1500
"487",0,300
"4871",0,1800
"4872",300,2700
"4873",0,1200
"4874",0,900
"4875",900,2400
"4876",0,300
"4877",300,600
"4878",0,2400
"4879",0,2400
"488",0,2100
"4880",0,1800
"4882",600,900
"4884",0,300
"4885",0,1500
"4886",0,300
"4887",0,2100
"4888",0,1800
"489",0,2100
"4890",900,1800
"4891",-9000,-8700
"4892",0,2100
"4894",900,1200
"4895",-9000,-8700
"4896",0,1200
"4897",600,2100
"4898",0,1800
"4899",0,1200
"49",300,2400
"490",-9000,-8700
"4900",0,1200
"4902",300,600
"4903",0,1200
"4904",-9000,-8700
"4905",600,1200
"4906",0,2100
"4907",0,1200
"4908",-9000,-8700
"4909",0,300
"491",0,300
"4912",0,600
"4913",0,2100
"4914",0,2100
"4916",300,2100
"4917",0,900
"4918",0,900
"4919",0,600
"492",0,1500
"4920",0,300
"4922",0,900
"4923",0,300
"4924",300,600
"4925",-9000,-8700
"4927",0,900
"4928",2100,2400
"4929",600,2100
"493",0,1200
"4931",1200,1800
"4932",600,1500
"4933",0,1500
"4934",300,1200
"4935",0,300
"4936",900,1200
"4937",300,900
"4938",900,1200
"4939",300,1200
"494",0,2100
"4940",900,1200
"4941",0,1200
"4942",0,1800
"4945",0,300
"4946",0,300
"4949",0,300
"495",-9000,-8700
"4950",0,300
"4951",0,1500
"4952",0,1800
"4956",0,1800
"4957",0,300
"4958",0,1500
"496",0,900
"4960",0,1800
"4961",0,600
"4962",0,1500
"4963",0,2400
"4964",300,600
"4966",300,1200
"4967",300,900
"4968",900,1200
"4969",1800,2100
"497",0,900
"4970",900,2100
"4971",0,1200
"4972",0,300
"4973",0,300
"4974",0,300
"4975",-9000,-8700
"4977",0,1200
"4978",0,300
"4979",0,1500
"498",1500,2400
"4980",900,1800
"4981",0,300
"4982",600,2700
"4983",-9000,-8700
"4984",0,2400
"4985",0,300
"4986",300,1200
"4987",0,300
"4988",-9000,-8700
"4989",0,300
"499",0,300
"4990",600,900
"4991",0,300
"4992",0,300
"4994",0,300
"4995",0,2400
"4996",600,1500
"4997",0,2400
"4999",-9000,-8700
"50",300,2400
"500",-9000,-8700
"5000",1200,3000
"5001",900,2100
"5003",0,600
"5005",0,600
"5006",0,900
"5008",0,1200
"5009",0,1500
"501",900,1200
"5010",300,1800
"5011",1800,2100
"5013",1200,2100
"5014",900,2100
"5015",900,2400
"5016",1200,1500
"5017",2100,2700
"5018",1800,2100
"5019",1800,2100
"502",0,2100
"5020",1500,2400
"5021",900,1800
"5022",0,300
"5024",-9000,-8700
"5025",0,300
"5027",0,300
"5028",1500,1800
"5029",300,600
"503",0,1500
"5030",0,300
"5031",0,1200
"5032",0,600
"5034",0,1200
"5035",0,600
"5036",0,1200
"5037",600,900
"5038",0,300
"5039",300,900
"504",300,600
"5040",0,300
"5042",900,1500
"5044",0,1800
"5047",0,900
"5048",0,300
"5049",0,2100
"505",0,1500
"5050",0,900
"5051",0,1500
"5052",0,600
"5053",300,1200
"5054",0,300
"5055",0,1500
"5056",900,1200
"5057",1500,2100
"5058",0,2100
"5059",0,2400
"506",600,1800
"5060",0,1500
"5061",0,300
"5063",300,1500
"5064",0,1200
"5065",0,1800
"5068",-9000,-8700
"5069",-9000,-8700
"507",0,1800
"5070",-9000,-8700
"5071",0,1200
"5072",0,600
"5073",1800,2100
"5074",0,600
"5075",0,1200
"5076",0,300
"5077",0,300
"5078",0,300
"5079",0,600
"508",900,1500
"5080",0,1800
"5081",0,1200
"5083",0,600
"5084",0,300
"5085",0,1500
"5087",0,900
"5088",600,900
"5089",0,1200
"509",0,900
"5090",0,1500
"5091",0,300
"5092",0,900
"5093",0,900
"5094",600,1800
"5096",0,2100
"5098",900,1200
"510",0,1800
"5100",0,300
"5101",0,1800
"5102",600,2100
"5103",900,2400
"5104",0,1200
"5105",0,1800
"5106",0,300
"5107",300,1500
"5108",0,300
"5109",0,2100
"511",0,1200
"5110",0,2400
"5111",0,2100
"5112",0,1500
"5113",0,300
"5114",0,1500
"5115",0,600
"5116",0,2100
"5117",0,1200
"5118",-9000,-8700
"5119",0,900
"512",0,300
"5120",0,1500
"5121",0,300
"5122",0,1500
"5123",0,1800
"5124",0,2100
"5125",0,300
"5126",0,300
"5129",0,300
"513",1200,2400
"5130",1500,2400
"5131",1800,2100
"5132",1800,2400
"5133",0,300
"5134",0,300
"5135",0,1800
"5136",2100,2700
"5137",0,1500
"5139",900,1200
"514",1200,1500
"5140",1200,1500
"5141",0,1500
"5142",0,1200
"5143",0,300
"5144",0,1500
"5145",0,2100
"5146",0,900
"5148",300,600
"5149",0,2100
"515",600,900
"5150",300,2100
"5151",0,1200
"5154",-9000,-8700
"5156",600,2400
"5157",600,900
"5158",300,2400
"5159",0,2400
"516",0,1200
"5161",300,2100
"5162",0,300
"5165",-9000,-8700
"517",0,300
"5170",300,2400
"5171",0,2100
"5173",600,1800
"5174",0,2100
"5175",0,2100
"5177",0,2100
"5178",-9000,-8700
"518",0,300
"5180",1800,2700
"5186",300,2400
"5187",0,300
"5188",0,600
"5189",0,2100
"519",-9000,-8700
"5191",0,900
"5192",300,2100
"5193",0,1800
"5194",900,2100
"5195",300,2100
"5196",300,2400
"5197",900,2400
"5198",-9000,-8700
"5199",300,1800
"52",0,300
"5200",0,1800
"5201",0,1200
"5202",900,2700
"5203",0,2400
"5204",0,2100
"5205",1500,1800
"5206",0,900
"5207",0,2100
"5208",0,1500
"5209",0,1200
"521",0,2400
"5214",0,1200
"5215",0,300
"5216",-9000,-8700
"5217",0,1200
"5218",0,1500
"5219",0,300
"522",0,1500
"5220",0,900
"5221",0,600
"5222",0,1500
"5223",0,1800
"5224",-9000,-8700
"5225",0,300
"5226",0,1500
"5227",0,1500
"5228",0,300
"5229",0,300
"523",0,2100
"5230",600,2100
"5231",600,2400
"5232",-9000,-8700
"5233",600,2400
"5234",0,1200
"5235",0,900
"5236",0,1500
"5239",0,600
"524",0,1500
"5240",0,300
"5241",0,1500
"5242",900,1200
"5244",0,2400
"5245",0,300
"5246",0,1500
"5247",0,2100
"5248",0,1500
"5249",0,1200
"525",0,1800
"5250",0,1800
"5251",0,300
"5252",1200,1500
"5253",900,2400
"5256",0,300
"5257",0,300
"5258",300,1800
"5259",0,1800
"526",0,300
"5261",0,1500
"5265",0,1800
"5266",0,2100
"5267",0,2100
"5268",0,2100
"5269",900,2100
"527",300,900
"5270",600,2700
"5271",0,300
"5272",0,2400
"5273",2400,2700
"5274",600,900
"5276",-9000,-8700
"5277",900,1500
"5278",0,1200
"5279",0,300
"528",0,2100
"5280",1200,1500
"5281",0,300
"5282",1500,1800
"5283",900,1200
"5284",0,2400
"5285",900,1800
"5286",0,600
"5287",0,2100
"5288",300,600
"5289",0,1200
"529",0,900
"5291",900,1800
"5293",0,2700
"5294",0,2400
"5295",1500,2400
"5296",0,600
"5297",0,2400
"5298",0,1500
"5299",0,1500
"53",0,2400
"530",0,900
"5300",0,2400
"5301",0,2100
"5302",600,2400
"5303",0,900
"5304",300,1200
"5305",300,900
"5306",300,2400
"5307",600,2100
"5308",1500,1800
"5309",0,1800
"531",0,2400
"5310",300,600
"5311",0,2400
"5312",0,1500
"5313",0,1500
"5314",-9000,-8700
"5315",0,2700
"5316",0,300
"5318",600,900
"5319",1800,2100
"5320",0,1800
"5321",0,2100
"5322",0,1500
"5323",0,2100
"5324",0,1200
"5325",300,2400
"5326",300,1800
"5327",1200,2100
"5329",0,2100
"533",300,2700
"5330",0,1200
"5331",0,2100
"5332",0,600
"5333",0,1800
"5334",0,300
"5335",0,300
"5336",0,600
"5337",0,1500
"5338",1200,1800
"534",0,2400
"5340",0,300
"5341",0,300
"5344",0,900
"5345",0,2100
"5346",0,300
"5347",0,2100
"5348",0,300
"5349",0,1500
"535",300,1200
"5350",300,2100
"5351",600,2400
"5352",0,1800
"5353",1200,1800
"5354",0,1500
"5356",0,1500
"5357",300,600
"5358",0,600
"536",0,1200
"5360",0,2400
"5361",0,1500
"5363",0,300
"5364",300,600
"5365",0,300
"5366",0,300
"5367",0,900
"5368",-9000,-8700
"5369",0,900
"5370",0,900
"5371",0,300
"5372",0,300
"5374",0,300
"5375",0,300
"5376",0,300
"5379",300,900
"5380",0,2100
"5381",0,1200
"5383",1800,2700
"5384",1800,3000
"5385",0,2100
"5386",900,2100
"5388",1800,2700
"5389",0,1500
"539",900,2100
"5391",0,1800
"5392",300,1200
"5393",0,2100
"5394",900,2100
"5395",0,2100
"5396",0,2100
"5397",-9000,-8700
"5398",0,2400
"5399",600,2400
"54",300,2100
"540",0,600
"5404",1200,2400
"5405",900,1200
"5406",0,1800
"5407",0,1200
"5408",600,2100
"5409",300,1800
"541",900,1200
"5410",0,2100
"5411",0,2700
"5412",0,1500
"5413",0,1200
"5414",0,1200
"5415",1500,2400
"5416",0,1800
"5418",600,1500
"5419",900,1200
"542",300,600
"5420",0,2100
"5421",0,2400
"5422",0,1500
"5423",0,900
"5424",0,2100
"5425",1500,1800
"5426",0,2400
"5427",0,1200
"5428",300,600
"5429",0,1800
"543",0,1200
"5430",0,600
"5431",0,300
"5432",300,2400
"5433",300,2400
"5434",0,1800
"5435",0,1200
"5437",0,1800
"5438",0,600
"5439",600,1200
"5440",600,1200
"5442",0,300
"5443",0,1200
"5444",0,2100
"5445",300,1200
"5446",900,1500
"5447",-9000,-8700
"5448",0,300
"545",600,900
"5450",300,2100
"5451",300,2100
"5452",600,2700
"5453",300,1500
"5454",0,1200
"5455",0,2400
"5456",0,900
"5457",0,300
"5458",0,600
"5459",0,900
"546",0,2400
"5460",300,1500
"5462",0,300
"5463",-9000,-8700
"5464",0,300
"5466",0,300
"5467",0,300
"5468",0,300
"5471",0,2400
"5472",0,1200
"5473",0,300
"5474",0,300
"5475",900,1800
"5476",300,1500
"5477",600,2100
"5478",0,1800
"5479",0,900
"548",-9000,-8700
"5482",0,600
"5483",0,1200
"5484",600,1800
"5485",-9000,-8700
"5486",1200,2100
"5487",300,600
"5488",0,1800
"5489",0,600
"549",300,2400
"5490",0,600
"5491",0,1200
"5492",0,1800
"5493",0,300
"5494",0,1800
"5495",0,2100
"5496",0,1800
"5497",0,1500
"5498",0,300
"5499",300,600
"55",300,600
"550",0,600
"5500",0,300
"5502",0,1200
"5503",0,1500
"5504",600,1200
"5505",0,1800
"5506",0,1800
"5507",0,300
"5508",0,1500
"5509",0,1500
"551",0,600
"5510",-9000,-8700
"5511",0,1500
"5512",0,600
"5513",300,2100
"5514",300,2100
"5515",300,1500
"5517",0,600
"5518",0,600
"5519",0,2100
"552",0,2100
"5520",1200,2700
"5521",900,1800
"5522",0,900
"5524",0,1500
"5525",0,300
"5528",0,1500
"5529",0,1200
"553",-9000,-8700
"5531",900,1200
"5534",0,1200
"5535",0,2100
"5536",0,2100
"5537",1500,1800
"5538",0,600
"5539",-9000,-8700
"5540",-9000,-8700
"5541",0,2100
"5542",-9000,-8700
"5543",0,2100
"5544",0,300
"5545",0,1800
"5546",0,1800
"5548",0,1500
"5549",0,300
"5550",0,1200
"5551",0,300
"5552",1200,1500
"5554",0,1800
"5555",0,2100
"5557",0,2400
"5558",2100,2400
"5559",0,2400
"556",0,300
"5560",-9000,-8700
"5561",0,1200
"5562",0,2100
"5563",900,2700
"5564",0,300
"5565",600,1800
"5566",0,300
"5567",0,2100
"5568",0,2100
"5569",0,1200
"557",0,300
"5573",0,1500
"5574",-9000,-8700
"5575",0,900
"5576",0,300
"5577",0,600
"5578",0,600
"5579",0,1800
"5580",0,300
"5581",0,900
"5582",-9000,-8700
"5584",0,300
"5586",0,900
"5589",0,1500
"559",1200,1500
"5592",0,1500
"5593",0,1500
"5594",0,900
"5595",-9000,-8700
"5596",600,2400
"5597",300,1200
"5598",0,600
"5599",0,900
"560",0,1800
"5600",0,1500
"5601",300,900
"5602",0,300
"5604",600,1200
"5605",0,2100
"5606",0,1800
"5607",300,1200
"5608",300,2400
"5611",2100,2400
"5612",600,2100
"5613",0,1200
"5614",900,2400
"5615",1500,2700
"5616",0,2100
"5617",300,600
"5618",900,1200
"5619",-9000,-8700
"562",0,300
"5621",0,2100
"5622",600,1800
"5623",1500,1800
"5624",1200,1500
"5625",-9000,-8700
"5627",600,1800
"5628",1200,1500
"5629",900,2400
"563",0,300
"5630",1200,1500
"5631",0,600
"5633",0,1500
"5635",0,600
"5636",900,2100
"5637",0,2100
"5638",0,900
"5639",-9000,-8700
"5641",0,1500
"5642",0,1800
"5643",0,300
"5644",0,1800
"5645",0,900
"5646",0,300
"5647",0,900
"5648",0,300
"565",1800,2100
"5651",0,300
"5652",0,2100
"5653",0,1800
"5654",0,2100
"5655",0,2100
"5656",0,2100
"5657",0,2100
"5658",600,1800
"5659",0,1800
"566",1800,2400
"5661",900,2100
"5662",900,2400
"5663",-9000,-8700
"5664",900,1800
"5665",0,2400
"5666",0,300
"5667",0,2400
"5668",0,1200
"5669",1200,2100
"567",0,1500
"5670",300,600
"5671",0,300
"5672",900,1200
"5673",600,2100
"5674",0,1200
"5675",0,1500
"5676",0,300
"5678",0,300
"568",0,1800
"5683",0,1500
"5684",0,900
"5685",-9000,-8700
"5686",0,300
"5687",0,300
"5688",0,300
"5689",0,1800
"569",0,1800
"5690",0,1800
"5691",300,2100
"5692",0,1500
"5693",0,2400
"5694",300,600
"5695",0,2100
"5696",0,2400
"5697",300,1200
"5698",900,2400
"5699",1500,1800
"57",0,1800
"570",0,1500
"5700",300,2100
"5701",1800,2400
"5702",0,900
"5703",0,900
"5704",0,600
"5705",0,300
"5706",0,2100
"5707",0,1200
"5708",0,1800
"5709",0,300
"571",0,1500
"5710",0,300
"5711",600,900
"5712",0,2400
"5713",0,300
"5714",1200,2400
"5715",600,2400
"5716",0,1800
"5717",0,300
"5718",0,1200
"5719",-9000,-8700
"572",0,600
"5720",300,600
"5722",0,2100
"5723",0,300
"5724",0,300
"5725",0,1800
"5726",0,300
"5727",0,1500
"5728",0,1200
"5729",0,600
"573",0,1500
"5730",0,1200
"5731",0,2400
"5732",0,300
"5733",0,1500
"5734",0,1800
"5735",0,1500
"5736",0,1800
"5737",0,2100
"5738",0,300
"5739",0,300
"574",0,300
"5740",0,300
"5744",0,2100
"5745",-9000,-8700
"5746",0,300
"5747",0,1500
"5748",-9000,-8700
"5749",0,300
"5750",900,2100
"5751",0,1200
"5752",0,300
"5753",0,2700
"5754",1500,2400
"5755",1800,2100
"5756",300,600
"5757",0,300
"5758",0,300
"5759",0,300
"576",0,300
"5760",0,300
"5761",0,300
"5762",0,1500
"5763",0,1800
"5764",1500,1800
"5765",300,1800
"5766",0,600
"5767",0,300
"5768",0,300
"5769",0,1800
"577",1200,1500
"5770",-9000,-8700
"5771",0,900
"5772",0,600
"5773",0,600
"5774",0,300
"5775",0,900
"5776",0,1800
"5777",0,2700
"5778",0,2100
"5779",300,600
"578",0,1500
"5780",0,1500
"5781",0,1800
"5783",0,900
"5785",0,900
"5786",0,900
"5787",-9000,-8700
"5788",0,1500
"579",0,1200
"5790",0,300
"5791",0,2100
"5792",0,2100
"5793",900,1500
"5794",0,1200
"5795",0,1500
"5796",0,900
"5797",0,2100
"5798",0,1200
"5799",0,300
"58",1200,2400
"580",0,900
"5801",0,2100
"5802",1200,1500
"5803",0,1500
"5804",0,1200
"5805",0,2100
"5806",0,2100
"5807",0,900
"5808",900,2100
"5809",0,1500
"581",0,2400
"5810",0,1800
"5812",900,2100
"5813",0,2400
"5815",600,1800
"5816",0,2100
"5818",0,1500
"5819",1500,1800
"582",0,1200
"5820",-9000,-8700
"5821",0,300
"5822",300,2700
"5823",900,1200
"5824",0,1800
"5825",600,900
"5826",0,1800
"5827",600,1200
"5828",2100,2400
"5829",0,1200
"583",0,1800
"5830",1500,2100
"5831",0,1500
"5832",1500,2400
"5833",-9000,-8700
"5835",600,2400
"5836",2100,2400
"5837",0,1800
"5838",900,1200
"5839",0,2400
"584",0,1200
"5840",-9000,-8700
"5841",900,3000
"5842",600,1800
"5843",600,1500
"5844",300,1800
"5845",600,2400
"5846",900,2400
"5847",0,1500
"5848",600,1800
"5850",900,2400
"5851",1500,2700
"5852",300,2700
"5853",0,2100
"5854",0,2100
"5855",1800,2100
"5856",300,2400
"5857",300,3000
"5858",0,1200
"5859",900,2400
"586",0,300
"5860",2100,3000
"5861",-9000,-8700
"5862",-9000,-8700
"5863",0,2100
"5864",900,2700
"5865",0,2400
"5866",0,1800
"5867",1200,2400
"5868",0,600
"5869",0,2400
"5870",0,2700
"5871",900,2400
"5872",1800,2100
"5873",1200,2100
"5874",0,2100
"5875",0,1800
"5876",0,2100
"5877",300,600
"5878",300,600
"5879",0,1800
"588",300,1800
"5880",0,1800
"5881",0,1800
"5882",-9000,-8700
"5883",300,600
"5884",0,2400
"5886",0,2400
"5887",0,2100
"5888",0,900
"5889",0,300
"589",0,300
"5891",0,300
"5893",0,600
"5894",0,300
"5895",0,300
"5896",-9000,-8700
"5897",0,300
"5898",0,900
"5899",-9000,-8700
"59",600,900
"590",0,1800
"5900",0,300
"5901",1500,2100
"5903",900,1500
"5904",900,1500
"5905",0,1800
"5906",0,1500
"5907",0,2400
"5908",300,600
"5909",0,1800
"591",300,2400
"5910",0,2400
"5911",0,1200
"5912",300,2400
"5913",0,2100
"5915",0,300
"5916",0,300
"5917",0,2100
"5918",0,300
"5919",0,1500
"592",0,1200
"5920",-9000,-8700
"5922",1200,1500
"5923",0,900
"5924",0,1500
"5925",300,2400
"5926",0,600
"5927",0,1200
"5929",300,600
"593",1200,2400
"5930",0,2100
"5931",1200,1800
"5932",0,2400
"5935",300,900
"5936",0,300
"5937",1200,1800
"5938",0,1800
"5939",300,2100
"594",900,2100
"5940",0,1500
"5941",0,2400
"5942",600,900
"5943",0,300
"5944",0,2100
"5945",0,2700
"5946",0,1500
"5947",0,300
"5948",1200,2400
"5949",0,1500
"595",300,900
"5950",0,1200
"5952",0,2400
"5953",1200,1500
"5954",0,1800
"5955",0,600
"5956",0,1200
"5957",0,2100
"5958",0,600
"5959",900,2700
"596",0,2400
"5960",300,900
"5961",-9000,-8700
"5962",0,1800
"5963",0,300
"5964",0,900
"5965",0,300
"5966",1200,2100
"5967",300,1800
"5968",900,2400
"5969",600,900
"597",600,1800
"5970",300,1800
"5971",0,1800
"5972",0,300
"5973",-9000,-8700
"5974",0,900
"5976",0,1800
"5977",-9000,-8700
"5978",900,1800
"5979",0,600
"598",0,2100
"5980",-9000,-8700
"5981",300,2400
"5982",0,300
"5984",0,1500
"5985",1200,1500
"5986",0,900
"5987",0,1500
"5988",0,1200
"5989",0,2100
"599",0,2100
"5990",0,2400
"5992",0,2700
"5993",1500,1800
"5994",600,900
"5998",1200,2400
"5999",900,2700
"6",0,600
"60",2100,2400
"600",1200,2400
"6000",0,1800
"6001",0,1800
"6002",300,600
"6004",300,2700
"6005",0,1500
"6006",1200,1500
"6008",-9000,-8700
"6009",0,300
"601",0,1800
"6013",0,2700
"6016",0,1800
"6017",300,2700
"6018",600,2700
"6019",0,2100
"602",0,2400
"6020",0,300
"6021",0,2700
"6022",300,1200
"6023",0,900
"6024",900,1200
"6025",900,2100
"6026",-9000,-8700
"6027",0,2700
"6028",0,1800
"6029",-9000,-8700
"603",300,600
"6030",0,2400
"6031",300,2400
"6032",1200,2100
"6033",1200,2100
"6034",2100,2700
"6035",900,2100
"6036",600,2400
"6039",900,1500
"604",0,1200
"6040",-9000,-8700
"6041",900,2400
"6043",0,1200
"6044",0,600
"6045",600,900
"6048",1200,2700
"6049",0,2400
"605",0,600
"6050",1200,2700
"6053",1200,2400
"6054",0,2400
"6055",600,2400
"6056",0,2100
"6057",0,900
"6058",0,300
"6059",-9000,-8700
"606",0,300
"6060",0,900
"6061",-9000,-8700
"6062",-9000,-8700
"6063",0,600
"6064",0,300
"6065",0,900
"6066",0,600
"6067",0,900
"607",0,300
"6070",0,1800
"6071",900,1800
"6072",0,600
"6074",1200,1500
"6075",900,1800
"6076",300,1200
"6077",300,1500
"6078",900,2400
"6079",900,2400
"608",300,600
"6080",300,600
"6081",0,2100
"6082",600,2400
"6083",0,300
"6084",600,1200
"6085",300,600
"6086",-9000,-8700
"6087",300,600
"6088",1200,1500
"6089",0,2400
"6090",600,900
"6091",900,2700
"6092",600,2700
"6093",0,300
"6096",0,1500
"6097",0,1200
"6099",0,1500
"61",-9000,-8700
"610",0,1200
"6100",0,1800
"6102",300,1500
"6105",-9000,-8700
"6106",300,2100
"6107",1500,2100
"6108",1200,1800
"6109",0,1500
"611",0,1800
"6110",900,1800
"6111",0,600
"6112",0,2100
"6113",0,1200
"6114",0,2100
"6115",1200,2100
"6116",-9000,-8700
"6117",0,1200
"6119",900,1500
"6120",600,2700
"6121",300,2400
"6122",600,1200
"6125",0,300
"6126",0,300
"6127",0,300
"6128",0,300
"6129",900,1200
"613",0,300
"6130",0,300
"6131",600,2400
"6132",0,300
"6133",2100,2400
"6134",0,1500
"6135",0,300
"6136",900,2100
"6137",0,300
"6138",300,2100
"6139",300,2700
"614",0,300
"6144",1800,2700
"6145",0,2400
"6146",0,900
"6147",0,1500
"6148",600,900
"6149",0,2100
"615",0,300
"6151",0,900
"6152",0,1800
"6153",0,1500
"6155",1200,1500
"6156",0,1200
"6157",1200,1800
"6158",0,300
"616",900,1800
"6160",0,300
"6161",0,300
"6162",0,900
"6163",0,300
"6164",0,300
"6165",0,300
"6166",0,2100
"6168",-9000,-8700
"6169",1800,2100
"617",1200,2400
"6170",0,600
"6171",0,1200
"6172",-9000,-8700
"6173",0,300
"6174",0,600
"6175",0,300
"6176",0,1200
"6177",0,600
"6178",0,1200
"6179",600,1500
"6180",0,600
"6181",0,900
"6182",0,900
"6184",0,1800
"6185",0,300
"6186",600,1800
"6187",600,900
"6188",0,300
"6190",0,900
"6193",0,300
"6194",0,300
"6195",-9000,-8700
"6196",0,2400
"6197",0,1800
"6198",0,1800
"6199",0,300
"62",0,2400
"6200",0,2400
"6202",0,600
"6204",600,900
"6206",300,600
"6207",900,2100
"6208",900,2400
"6209",0,600
"621",300,2100
"6210",-9000,-8700
"6211",0,600
"6212",-9000,-8700
"6213",0,1500
"6214",0,300
"6215",1200,1800
"6217",600,900
"6218",300,600
"6220",-9000,-8700
"6221",0,1800
"6222",-9000,-8700
"6223",0,1800
"6224",600,2400
"6225",1200,1500
"6226",600,2400
"6227",1800,2100
"6228",600,1800
"623",0,2400
"6230",-9000,-8700
"6231",300,600
"6232",0,300
"6235",0,300
"6236",300,2100
"6237",0,600
"6238",0,600
"6239",300,2400
"624",0,2400
"6240",600,2700
"6242",0,300
"6243",600,900
"6244",900,1500
"6245",-9000,-8700
"6246",1500,2700
"6248",0,300
"6249",0,600
"625",300,2100
"6251",0,300
"6253",0,300
"6254",300,1200
"6255",0,300
"6256",0,300
"6257",0,1200
"6258",600,1200
"6259",0,2100
"626",900,3000
"6260",600,1500
"6261",-9000,-8700
"6263",2100,2400
"6264",0,1200
"6266",0,2400
"6267",0,1200
"6268",1200,2700
"6269",0,1500
"627",0,2100
"6271",0,1200
"6272",0,1500
"6273",0,900
"6274",300,2100
"6275",300,600
"6278",0,900
"6279",0,900
"628",900,2400
"6280",0,900
"6281",0,600
"6282",0,1200
"6284",0,1200
"6285",0,1200
"6286",0,900
"6287",0,1500
"6288",0,2100
"6289",0,900
"629",0,2400
"6291",0,300
"6292",-9000,-8700
"6295",0,1200
"6296",0,900
"6297",0,1200
"6298",0,1500
"6299",0,1500
"63",1500,2100
"630",0,300
"6300",0,300
"6301",0,300
"6303",0,1200
"6304",0,1500
"6306",-9000,-8700
"6307",0,900
"6308",0,900
"6309",300,1200
"631",900,1500
"6310",0,900
"6311",0,300
"6312",0,300
"6313",1800,2100
"6315",900,2400
"6316",1200,1500
"6317",-9000,-8700
"6318",1200,1500
"6319",900,2400
"6320",0,300
"6322",0,300
"6323",-9000,-8700
"6324",0,2400
"6325",0,300
"6326",0,1200
"6327",0,2100
"6328",0,600
"6329",0,1500
"633",0,2100
"6330",0,1800
"6332",0,900
"6333",600,2100
"6334",300,2100
"6335",600,900
"6336",1200,1500
"6337",1500,1800
"6338",-9000,-8700
"6339",0,1500
"634",1500,1800
"6340",300,1500
"6341",0,1800
"6342",300,2400
"6343",600,1800
"6344",0,600
"6346",0,1500
"6347",1800,2100
"6348",0,300
"6349",0,300
"635",0,2400
"6350",0,300
"6351",1500,1800
"6352",0,900
"6353",0,1800
"6354",0,300
"6355",0,600
"6356",0,300
"6357",0,300
"6358",0,300
"6359",0,300
"636",0,1800
"6361",0,300
"6362",0,600
"6363",900,1800
"6365",0,1500
"6366",0,300
"6367",0,300
"6368",0,300
"6369",0,300
"637",0,1800
"6370",600,1800
"6371",0,900
"6372",0,2100
"6373",0,300
"6374",0,300
"6376",0,300
"6377",0,1200
"6378",0,1500
"6379",0,1500
"6380",0,1200
"6381",0,1500
"6382",300,600
"6383",0,1200
"6384",0,1200
"6386",0,2100
"6387",0,2100
"6388",0,2700
"6389",1200,1500
"639",0,1200
"6390",-9000,-8700
"6391",0,1200
"6392",300,2100
"6393",0,300
"6394",300,1800
"6395",900,1200
"6396",600,900
"6397",300,2100
"6399",0,1500
"64",600,2700
"640",0,1200
"6400",0,300
"6401",0,600
"6402",0,1200
"6403",0,1800
"6404",0,2100
"6405",0,1800
"6406",900,1200
"6408",0,900
"6409",0,1800
"641",0,2100
"6410",300,1200
"6411",0,600
"6412",0,1200
"6413",0,300
"6414",0,300
"6415",-9000,-8700
"6416",0,1500
"6417",300,600
"6418",0,300
"6419",0,600
"642",0,1500
"6420",-9000,-8700
"6421",0,1200
"6422",0,1800
"6423",0,1500
"6424",0,300
"6425",-9000,-8700
"6426",900,2700
"6427",0,300
"6428",0,300
"6429",300,1800
"643",0,1800
"6430",0,2400
"6432",0,900
"6433",900,2100
"6434",0,1500
"6435",0,1200
"6436",0,1800
"6437",0,2100
"6438",0,2100
"644",0,300
"6440",300,2100
"6441",300,600
"6442",900,1200
"6444",0,300
"6445",300,1200
"6446",0,2400
"6447",300,1500
"6448",0,300
"6449",0,1500
"645",600,900
"6452",0,1800
"6453",0,300
"6454",0,2100
"6455",-9000,-8700
"6456",600,1800
"6457",0,300
"6458",0,300
"6459",0,2400
"6462",0,900
"6463",0,1500
"6464",1200,1500
"6465",0,300
"6466",-9000,-8700
"6467",0,300
"6468",0,300
"6469",0,300
"647",-9000,-8700
"6470",0,300
"6471",0,300
"6472",0,600
"6474",300,600
"6476",0,1200
"6477",0,1800
"6478",0,900
"6479",0,900
"648",0,2100
"6482",0,600
"6484",0,2100
"6485",300,2100
"6486",900,1800
"6487",0,1800
"6488",0,1800
"6489",0,1500
"649",0,2100
"6490",0,600
"6491",-9000,-8700
"6493",0,300
"6494",0,300
"6496",-9000,-8700
"6497",0,1200
"6498",0,300
"6499",0,900
"65",0,2100
"650",300,2100
"6500",0,300
"6502",0,2400
"6503",300,1800
"6504",0,1800
"6505",0,1200
"651",0,300
"6516",-9000,-8700
"6518",0,2100
"652",900,2100
"6522",900,1200
"6524",2100,2400
"6525",1500,1800
"6526",-9000,-8700
"6528",0,2400
"6530",600,900
"6531",1500,2400
"6533",900,1200
"6534",600,2100
"6536",0,2100
"6537",2400,2700
"6539",600,2100
"654",300,2400
"6540",-9000,-8700
"6543",1200,1500
"6544",900,2700
"6545",0,2100
"6547",300,600
"6548",0,1800
"6549",0,300
"655",1200,2700
"6554",0,300
"6556",0,2100
"656",600,900
"6561",2400,2700
"6562",300,1200
"6563",-9000,-8700
"6565",1200,2400
"657",900,1200
"6572",0,1200
"6573",0,300
"6574",600,900
"6578",600,2100
"658",-9000,-8700
"6580",0,2400
"6583",300,1800
"6584",0,1200
"6585",300,2100
"6586",1200,1500
"6587",900,2100
"6588",1500,2100
"6589",0,1800
"6591",0,300
"6592",-9000,-8700
"6593",0,900
"6594",0,1800
"6595",300,900
"6596",0,600
"6597",0,1800
"6598",0,2100
"6599",0,2100
"66",300,1800
"6602",0,300
"6603",0,900
"6604",0,300
"6605",0,1200
"6606",0,900
"6607",0,1200
"6608",600,900
"6609",0,300
"661",900,1800
"6610",0,1500
"6611",0,1200
"6613",0,600
"6614",0,900
"6616",0,300
"6617",300,600
"6618",0,2400
"6619",300,600
"6620",300,2400
"6621",0,300
"6622",0,600
"6623",0,1500
"6624",0,300
"6625",0,900
"6626",900,1200
"6627",0,2100
"6628",0,300
"6629",600,2100
"663",600,2100
"6630",0,2700
"6631",0,1200
"6632",600,900
"6633",900,1200
"6634",1800,2400
"6635",0,1200
"6636",0,1200
"6637",0,300
"6638",300,2100
"6639",0,2100
"664",1800,2400
"6640",0,1200
"6641",0,1500
"6642",0,1800
"6643",600,2100
"6644",0,1800
"6645",300,900
"6646",900,2400
"6647",-9000,-8700
"6648",1800,2100
"6649",0,1200
"665",600,900
"6650",0,600
"6651",0,300
"6652",0,2100
"6653",0,1200
"6654",-9000,-8700
"6655",0,300
"6656",0,2100
"6657",0,1500
"6658",0,900
"666",600,1800
"6660",0,1800
"6661",1200,2700
"6662",0,1200
"6663",0,600
"6664",900,2100
"6665",600,1800
"6667",1200,2400
"6668",1200,2400
"6669",600,900
"667",0,2100
"6670",0,1200
"6671",1500,2700
"6672",300,2400
"6673",600,2100
"6674",1500,1800
"6675",0,2400
"6676",0,2100
"6677",0,2100
"6678",900,2100
"6679",0,300
"668",0,300
"6680",600,2700
"6681",0,2400
"6682",900,2100
"6683",300,2400
"6684",900,1800
"6686",300,1200
"6687",0,1500
"6688",1200,1500
"6689",0,2400
"669",0,300
"6690",0,2700
"6691",0,2400
"6692",1200,2100
"6693",0,900
"6694",0,1800
"6695",0,2100
"6696",0,1200
"6697",0,300
"6698",0,2100
"6699",0,1500
"67",0,300
"670",0,1200
"6700",0,900
"6701",0,1500
"6702",0,300
"6703",0,1800
"6704",0,1500
"6705",0,1200
"6706",0,2100
"6707",0,300
"6708",0,1500
"6709",0,2400
"671",-9000,-8700
"6710",0,600
"6711",0,1200
"6712",0,300
"6713",0,2100
"6714",0,1800
"6715",0,1800
"6717",300,600
"6718",0,1200
"6719",1500,2100
"672",0,300
"6723",0,1800
"6724",0,600
"6725",0,1200
"6726",0,300
"6728",300,1800
"6729",0,1200
"673",900,2400
"6733",0,1800
"6734",600,900
"6735",300,2400
"6737",0,900
"6738",0,300
"6739",0,900
"6740",0,900
"6741",0,600
"6742",0,2100
"6744",0,1500
"6745",0,1200
"6746",0,2100
"6747",0,1500
"6748",0,1800
"6749",900,2400
"675",1800,2100
"6750",0,300
"6751",0,900
"6752",0,1800
"6754",0,1800
"6756",0,1200
"6758",0,900
"6759",0,600
"676",0,2700
"6760",0,1500
"6761",600,1200
"6762",0,1500
"6763",0,1200
"6764",0,1500
"6765",0,600
"6766",0,300
"6767",0,1200
"6768",0,2400
"6769",0,2100
"677",-9000,-8700
"6770",0,2100
"6771",0,2700
"6772",1200,2400
"6773",0,1800
"6774",0,2100
"6775",0,1800
"6776",0,1200
"6777",0,1500
"6778",0,1500
"6779",0,1200
"678",0,1200
"6780",0,1500
"6781",0,600
"6782",0,1800
"6783",0,1800
"6784",0,2400
"6785",300,600
"6787",0,300
"6788",0,900
"6789",0,2400
"679",0,300
"6790",1200,2400
"6792",0,2400
"6793",300,600
"6794",0,900
"6797",1500,1800
"6798",0,1500
"6799",0,300
"680",0,1200
"6800",0,1500
"6801",1200,2400
"6802",0,1500
"6803",0,1800
"6804",0,1200
"6805",0,1200
"6806",600,1500
"6807",0,1800
"6808",0,2100
"6809",0,2100
"681",0,900
"6810",900,1800
"6811",0,900
"6812",0,300
"6813",0,2100
"6814",0,1500
"6815",300,1500
"6816",0,2700
"682",0,1500
"6820",0,1200
"6821",0,1800
"6823",0,300
"6825",0,600
"6826",0,900
"6827",-9000,-8700
"6828",0,1500
"6829",0,1500
"683",0,900
"6830",0,1200
"6831",0,1500
"6832",0,900
"6833",0,1200
"6834",0,1200
"6835",0,1500
"6836",0,1200
"6837",0,1800
"6838",0,1500
"6839",0,1800
"684",300,1200
"6840",0,300
"6841",0,300
"6842",1500,1800
"6843",600,900
"6844",0,600
"6845",0,300
"6846",0,2100
"6847",0,1200
"6848",0,300
"6849",-9000,-8700
"685",300,900
"6850",0,300
"6851",0,2100
"6852",0,300
"6853",0,300
"6854",0,300
"6855",0,1200
"6856",0,1500
"6859",1200,2400
"686",0,1800
"6860",0,2400
"6861",0,2100
"6862",900,2400
"6863",-9000,-8700
"6864",0,300
"6865",0,300
"6866",0,300
"6868",-9000,-8700
"6869",0,300
"687",0,1800
"6870",300,600
"6871",-9000,-8700
"6872",900,1200
"6873",600,1800
"6874",0,1200
"6875",600,2100
"6876",0,1200
"6877",0,300
"6878",0,300
"6879",0,300
"688",300,600
"6880",0,2100
"6881",600,2100
"6882",600,2400
"6883",600,2400
"6884",600,1800
"6887",0,1500
"6889",1500,2100
"6890",0,1200
"6891",0,300
"6892",300,2100
"6893",900,1500
"6894",600,900
"6895",0,300
"6896",300,1500
"6897",300,900
"6898",0,1200
"69",0,2700
"690",0,1200
"6900",300,600
"6901",0,300
"6902",600,900
"6903",0,900
"6904",0,600
"6905",0,600
"6907",0,300
"6908",0,900
"6909",0,2100
"691",0,1200
"6910",0,300
"6911",0,300
"6912",900,1200
"6913",0,900
"6914",0,1800
"6915",0,300
"6916",0,1800
"6917",0,300
"6918",0,900
"6919",0,1200
"692",0,600
"6920",-9000,-8700
"6921",0,1200
"6922",0,1500
"6923",300,2100
"6924",0,1500
"6925",0,1500
"6926",0,1500
"6927",0,2100
"6928",0,900
"6929",0,1500
"693",0,1200
"6930",0,1200
"6931",0,900
"6933",-9000,-8700
"6935",0,300
"6936",900,2400
"6937",-9000,-8700
"6938",1500,2100
"6939",900,1200
"694",0,1500
"6940",300,2400
"6941",0,1500
"6942",0,1500
"6944",0,1500
"6947",900,1200
"6948",1800,2700
"6949",0,1800
"695",0,2700
"6950",1500,1800
"6951",0,1500
"6952",600,1800
"6953",1500,2400
"6954",0,1800
"6955",1500,2100
"6956",900,2700
"6957",0,1800
"6958",0,2400
"6959",1200,1500
"6960",0,1500
"6961",0,2100
"6962",0,1500
"6963",0,1200
"6964",0,1200
"6965",600,900
"6966",0,2100
"6967",0,1200
"6968",0,1200
"6969",0,1500
"6970",0,1200
"6971",0,1200
"6972",0,900
"6973",900,1200
"6974",0,2100
"6975",0,1200
"6976",0,300
"6977",0,900
"6979",900,2400
"698",-9000,-8700
"6980",1500,2100
"6981",-9000,-8700
"6983",300,1800
"6984",0,300
"6985",0,300
"6986",0,300
"6987",0,900
"6989",0,300
"699",0,1200
"6990",600,900
"6991",0,1800
"6992",0,2100
"6993",0,900
"6994",300,600
"6995",900,1200
"6996",1200,1500
"6997",600,900
"6998",0,1200
"6999",1500,2400
"7",600,1200
"70",0,1800
"700",600,1200
"7000",0,900
"7001",300,2100
"7002",300,600
"7003",0,2100
"7004",300,600
"7005",600,900
"7006",0,300
"7007",600,2400
"7008",0,2700
"7009",300,600
"701",600,900
"7011",0,1200
"7012",1200,2400
"7013",0,1200
"7014",0,300
"7015",0,2100
"7016",0,1500
"7017",0,300
"7018",0,600
"7019",0,300
"702",300,2400
"7021",0,1200
"7023",0,300
"7024",0,900
"7026",0,600
"7027",600,2700
"7028",600,900
"7029",0,300
"703",0,1800
"7030",0,2400
"7031",0,2100
"7032",0,300
"7033",300,600
"7034",0,2100
"7035",0,1200
"7036",0,1200
"704",300,2100
"7041",0,300
"7042",0,2400
"7043",0,1200
"7044",0,300
"7045",0,300
"7046",0,2100
"7047",300,1200
"7048",1800,2400
"7049",0,300
"705",300,2100
"7050",300,600
"7052",0,300
"7053",0,1200
"7054",300,1500
"7055",0,1800
"7056",900,1200
"7057",900,1200
"7058",0,1800
"7059",0,300
"706",0,300
"7060",0,300
"7061",0,300
"7062",0,1500
"7063",0,300
"7064",0,300
"7066",0,1500
"7067",300,600
"7068",0,600
"7069",0,1200
"707",0,600
"7071",0,900
"7072",-9000,-8700
"7073",-9000,-8700
"7074",0,1800
"7075",600,2100
"7076",0,2400
"7077",2100,2700
"7078",0,2400
"7079",0,600
"708",0,1500
"7080",0,2400
"7081",0,2100
"7082",0,2100
"7084",0,2100
"7085",0,1200
"7087",0,1800
"7088",300,2100
"7089",0,300
"7090",1200,1500
"7091",0,2100
"7092",300,1200
"7093",0,2400
"7094",0,2100
"7095",0,2400
"7096",-9000,-8700
"7097",1800,2100
"7098",600,1500
"71",0,2700
"7102",-9000,-8700
"7103",0,300
"7104",0,1800
"7105",0,900
"7106",0,2400
"7107",600,1800
"7108",0,1800
"7109",600,900
"711",0,300
"7110",0,2100
"7111",1800,2100
"7112",600,1500
"7114",2700,3000
"7115",900,2400
"7116",600,900
"7117",0,2400
"7118",0,300
"7119",1200,1500
"712",0,300
"7120",300,1800
"7121",0,2400
"7122",-9000,-8700
"7123",600,2100
"7124",0,300
"7125",0,600
"7126",0,300
"7127",0,1800
"7128",0,600
"7129",0,300
"713",900,1200
"7130",0,1200
"7131",1500,1800
"7132",-9000,-8700
"7134",0,1200
"7135",0,1200
"7136",0,1500
"7137",0,1500
"7138",0,300
"714",900,1200
"7140",0,300
"7143",0,2100
"7144",0,2100
"7145",0,1500
"7146",300,1800
"7147",0,1200
"7148",0,300
"7149",0,1500
"715",0,1500
"7150",0,2400
"7151",0,1200
"7152",0,900
"7153",0,1200
"7154",0,1200
"7155",0,300
"7156",-9000,-8700
"7157",0,2100
"7158",600,900
"7159",300,1800
"716",0,300
"7160",0,600
"7161",0,1200
"7162",900,1200
"7163",0,1200
"7164",0,1500
"7165",0,1200
"7166",0,1500
"7167",0,900
"7168",0,1500
"7169",0,300
"717",0,900
"7170",0,900
"7171",600,2100
"7172",0,1200
"7173",0,1200
"7175",0,2100
"7176",0,1200
"7177",300,600
"7178",0,1200
"7179",0,1800
"718",0,1500
"7180",0,2100
"7181",0,600
"7182",0,1500
"7183",0,1500
"7184",0,900
"7186",0,2100
"7187",0,1200
"7188",300,1200
"7189",600,1500
"719",0,2100
"7190",300,1200
"7191",1500,1800
"7193",0,2100
"7194",0,1500
"7195",0,1500
"7196",0,2400
"7198",300,1800
"7199",600,2100
"72",-9000,-8700
"720",0,300
"7200",0,1500
"7201",0,1800
"7202",600,900
"7203",0,2100
"7204",1800,2700
"7205",0,1800
"7206",300,1800
"7207",900,1200
"7208",1200,1800
"7209",1500,1800
"721",0,600
"7210",900,2400
"7211",1200,2400
"7212",900,1500
"7213",1500,1800
"7214",1800,2400
"7215",900,2100
"7216",300,1800
"7217",1200,2400
"722",0,300
"7220",1800,2400
"7221",-9000,-8700
"7222",1200,1800
"7223",900,2400
"7225",300,1200
"7227",0,900
"7228",0,900
"7229",300,600
"723",900,1500
"7230",0,2100
"7231",300,600
"7233",600,2400
"7234",0,2100
"7235",900,1800
"7236",-9000,-8700
"7237",1200,2100
"724",0,2100
"7240",1200,2100
"7241",1200,2400
"7242",300,2100
"7243",1800,2100
"7245",1500,1800
"7246",1500,1800
"7247",1500,1800
"7248",0,2100
"7249",0,2100
"725",0,1200
"7250",1500,1800
"7251",600,900
"7252",0,300
"7253",1500,1800
"7254",-9000,-8700
"7255",0,2400
"7256",900,1200
"7258",0,300
"7259",1200,2100
"726",0,1800
"7260",1200,1500
"7261",1200,2100
"7262",1200,2100
"7263",0,2400
"7265",900,1800
"7266",300,2100
"7267",0,2100
"7268",600,1500
"7269",600,900
"727",0,900
"7270",0,1200
"7272",0,600
"7273",0,1200
"7274",0,1800
"7275",0,600
"7276",0,300
"7277",0,1500
"7278",0,1800
"728",0,1200
"7280",2100,2400
"7281",0,300
"7282",-9000,-8700
"7283",300,600
"7284",0,900
"7285",0,300
"7286",0,2100
"7287",0,1800
"7288",0,600
"7289",0,1500
"729",300,600
"7290",0,1500
"7291",0,2400
"7292",0,300
"7293",0,300
"7294",0,300
"7295",600,1800
"7296",0,2100
"7297",0,300
"7299",300,600
"7300",300,600
"7301",0,300
"7302",0,300
"733",-9000,-8700
"735",1200,1500
"736",0,300
"738",0,2100
"739",0,900
"740",0,1500
"741",300,600
"742",0,600
"743",0,900
"745",300,1200
"746",300,600
"747",0,2400
"749",0,900
"75",0,1500
"750",0,2100
"751",0,1200
"752",300,2400
"753",0,2100
"754",300,2400
"755",0,900
"756",600,900
"757",1800,2400
"758",300,900
"76",0,2100
"760",0,300
"761",0,2100
"762",300,600
"763",0,1200
"765",0,1200
"766",600,2100
"767",0,1800
"768",-9000,-8700
"769",0,300
"77",-9000,-8700
"771",300,600
"772",300,2400
"773",300,600
"775",600,1800
"776",900,1200
"777",0,1200
"778",1800,2100
"779",1200,1800
"781",600,900
"782",1200,2400
"783",-9000,-8700
"784",900,2100
"785",0,900
"786",900,1500
"787",0,1200
"788",300,2100
"789",0,2100
"790",0,1500
"791",0,1200
"792",300,1500
"794",600,1200
"795",1800,2100
"796",900,1800
"797",600,900
"798",0,1200
"799",300,600
"8",600,2400
"80",1500,2100
"800",0,300
"801",-9000,-8700
"802",0,1500
"803",0,2100
"804",900,2100
"805",900,2100
"806",0,600
"807",0,1500
"808",0,2100
"809",1500,2400
"81",900,2400
"810",-9000,-8700
"811",0,2100
"812",1800,2400
"813",1200,2400
"814",900,3000
"815",1500,2100
"816",600,2100
"817",0,300
"818",0,1800
"82",0,900
"820",0,2400
"821",0,1800
"822",900,1200
"823",-9000,-8700
"824",300,1800
"825",0,2400
"826",0,1800
"828",0,900
"829",0,2100
"83",1500,2100
"830",900,2400
"831",1800,2100
"832",0,600
"833",0,1500
"834",1800,2100
"836",0,300
"837",0,2400
"838",-9000,-8700
"839",1500,1800
"84",1500,1800
"840",0,900
"841",1500,1800
"842",0,300
"843",300,1200
"844",1200,1800
"845",600,2400
"847",0,900
"848",0,600
"849",0,300
"85",0,1800
"851",-9000,-8700
"852",0,1200
"853",0,1800
"854",300,2400
"855",0,1800
"856",-9000,-8700
"857",0,1800
"858",300,2100
"859",1200,1800
"86",-9000,-8700
"860",1500,2100
"861",0,300
"862",300,2400
"863",900,1200
"864",600,1800
"865",0,2100
"866",300,1500
"867",300,900
"868",0,1500
"869",0,900
"87",0,300
"870",-9000,-8700
"872",0,300
"873",600,2400
"874",-9000,-8700
"875",600,2100
"876",300,2100
"877",0,1200
"878",0,1200
"879",0,300
"88",0,300
"882",1800,2100
"883",300,600
"884",600,2100
"885",1500,2100
"886",300,2100
"887",0,300
"888",900,2400
"889",600,2100
"89",0,300
"892",300,2400
"893",900,1500
"894",0,2400
"895",900,2100
"896",900,1200
"898",0,2100
"899",0,1500
"90",0,300
"901",900,2100
"902",0,1200
"903",900,1200
"904",0,300
"905",0,300
"906",0,600
"909",0,1200
"91",0,300
"910",0,300
"911",0,300
"912",0,300
"914",0,300
"915",0,2100
"916",0,2400
"917",900,2100
"919",1200,2400
"92",1200,1800
"920",600,2700
"921",300,600
"922",-9000,-8700
"923",0,2100
"924",1200,2400
"925",600,900
"926",0,1200
"927",0,1200
"928",0,2100
"93",0,2100
"930",0,900
"931",0,2100
"932",0,1500
"933",-9000,-8700
"934",-9000,-8700
"935",0,600
"936",0,300
"937",0,600
"938",0,900
"94",0,300
"940",0,1500
"941",0,900
"942",0,1500
"943",0,300
"944",0,2100
"945",900,2100
"946",0,900
"947",0,300
"948",0,300
"949",0,2100
"95",0,300
"951",300,2100
"952",0,1200
"954",0,300
"955",0,600
"956",0,900
"957",0,1200
"958",0,600
"96",1200,1500
"960",900,1200
"961",300,1800
"962",0,2100
"963",0,900
"965",-9000,-8700
"967",0,600
"968",0,300
"969",0,2100
"97",0,1800
"970",0,1500
"971",0,900
"972",900,2100
"973",0,1500
"974",0,300
"975",0,900
"977",0,1800
"978",0,300
"979",0,600
"980",0,300
"982",0,900
"984",0,1800
"985",0,300
"987",600,2100
"988",0,2700
"989",0,1800
"99",0,1500
"990",0,300
"991",600,2100
"992",300,600
"993",-9000,-8700
"995",0,1500
"996",0,1500
"997",0,2700
"998",-9000,-8700
"999",0,600
